"id","secretID","text","createTime","authorMeta.id","authorMeta.secUid","authorMeta.name","authorMeta.nickName","authorMeta.verified","authorMeta.signature","authorMeta.avatar","authorMeta.following","authorMeta.fans","authorMeta.heart","authorMeta.video","authorMeta.digg","musicMeta.musicId","musicMeta.musicName","musicMeta.musicAuthor","musicMeta.musicOriginal","musicMeta.musicAlbum","musicMeta.playUrl","musicMeta.coverThumb","musicMeta.coverMedium","musicMeta.coverLarge","musicMeta.duration","covers.default","covers.origin","covers.dynamic","webVideoUrl","videoUrl","videoUrlNoWaterMark","videoApiUrlNoWaterMark","videoMeta.height","videoMeta.width","videoMeta.duration","diggCount","shareCount","playCount","commentCount","downloaded","mentions","hashtags","effectStickers"
"6989701935381105926","6989701935381105926","Muchas gracias a todos por el apoyo, seguidor n√∫mero 500 favor de contactarse con nosotros üòÅüòÅ #juegosolimpicos #EspirituOlimpico #üá≤üáΩ #Parati",1627416801,"6987880834053866502","MS4wLjABAAAAEQmiSVNXXOLbM8PBNn095Mg3o_gdB-XwadXOQoV0YdPHwOie6iz_04_nae1T85sN","juegosolimpicosmx2021","üá≤üáΩ Juegos Ol√≠mpicos MX üá≤üáΩ",false,"Estaremos contigo estos Juegos Ol√≠mpicos report√°ndote los mejores momentos 2021","https://p16-sign-va.tiktokcdn.com/tos-maliva-avt-0068/a1f1ee8d591d236f10f3b691b37fff92~c5_1080x1080.jpeg?x-expires=1627779600&x-signature=fFhuQTBIfXcO%2BB%2BMWcoyfiNmwVU%3D",162,590,1437,33,60,"6968315399653820418","Dished (Male Stripper) [Extended Mix]","Purple Disco Machine",false,"Dished (Male Stripper) [Extended Mix]","https://sf16-ies-music-va.tiktokcdn.com/obj/tos-useast2a-ve-2774/745e00ea8ca743d198ad76f542a09032","https://p77-va.tiktokcdn.com/img/tos-useast2a-v-2774/040d1b1d3ad64528a40f7700dfb9c986~c5_100x100.jpeg","https://p77-va.tiktokcdn.com/img/tos-useast2a-v-2774/040d1b1d3ad64528a40f7700dfb9c986~c5_200x200.jpeg","https://p77-va.tiktokcdn.com/img/tos-useast2a-v-2774/040d1b1d3ad64528a40f7700dfb9c986~c5_720x720.jpeg",60,"https://p16-sign-va.tiktokcdn.com/obj/tos-maliva-p-0068/71c7baa9225042a78e2d56b4a3d4a4e9?x-expires=1627714800&x-signature=aQdK3c7RqiV%2BLpFse4EfnUNCQIU%3D","https://p16-sign-va.tiktokcdn.com/obj/tos-maliva-p-0068/eb1d9c70f8fc44d8a9b66dd69ac149eb_1627416805?x-expires=1627714800&x-signature=gR%2B9WnqCvHz3nvLYS8A%2FyZTXahM%3D","https://p16-sign-va.tiktokcdn.com/obj/tos-maliva-p-0068/c2fa3a4386bd46e2b63fda9610330b41_1627416806?x-expires=1627714800&x-signature=9rfjGQJ%2FE17PwCRaOgfsisUWyrs%3D","https://www.tiktok.com/@juegosolimpicosmx2021/video/6989701935381105926","https://v16-web.tiktok.com/video/tos/useast2a/tos-useast2a-ve-0068c001/cd49268c8e6b4f2885afbd9d09cf8d8b/?a=1988&br=474&bt=237&cd=0%7C0%7C0&ch=0&cr=0&cs=0&dr=0&ds=3&er=&expire=1627716769&ft=Q9BExEBe_4ka&l=202107310132400101901890423892CCD6&lr=tiktok_m&mime_type=video_mp4&net=0&pl=0&policy=2&qs=0&rc=M2ZuMzo6ZnE5NzMzNzczM0ApOTo0aWRnZTw2N2U8aDM3OWdiaWcxcjRvZS1gLS1kMTZzczNgMC5eMjFeYTZfNmMwXjU6Yw%3D%3D&signature=87ce0e546ba0b1eabfba62b197d5a584&tk=tt_webid_v2&vl=&vr=","","",960,540,9,25,0,388,0,false,"[]","[{""id"":""23338864"",""name"":""juegosolimpicos"",""title"":"""",""cover"":""""},{""id"":""1592203280904198"",""name"":""üá≤üáΩ"",""title"":"""",""cover"":""""},{""id"":""65243"",""name"":""parati"",""title"":"""",""cover"":""""}]","[]"
"6989521110119271685","6989521110119271685","¬°SEGUNDA MEDALLA PARA MEXICO! #juegosolimpicos #EspirituOlimpico #üá≤üáΩ #Parati  #medallaolimpica",1627374701,"6987880834053866502","MS4wLjABAAAAEQmiSVNXXOLbM8PBNn095Mg3o_gdB-XwadXOQoV0YdPHwOie6iz_04_nae1T85sN","juegosolimpicosmx2021","üá≤üáΩ Juegos Ol√≠mpicos MX üá≤üáΩ",false,"Estaremos contigo estos Juegos Ol√≠mpicos report√°ndote los mejores momentos 2021","https://p16-sign-va.tiktokcdn.com/tos-maliva-avt-0068/a1f1ee8d591d236f10f3b691b37fff92~c5_1080x1080.jpeg?x-expires=1627779600&x-signature=fFhuQTBIfXcO%2BB%2BMWcoyfiNmwVU%3D",162,590,1437,33,60,"6989520851201067782","sonido original","üá≤üáΩ Juegos Ol√≠mpicos MX üá≤üáΩ",true,"","","https://p16-sign-va.tiktokcdn.com/tos-maliva-avt-0068/a1f1ee8d591d236f10f3b691b37fff92~c5_100x100.jpeg?x-expires=1627779600&x-signature=HZtAI54zPtkv7n2QESfheCteohg%3D","https://p16-sign-va.tiktokcdn.com/tos-maliva-avt-0068/a1f1ee8d591d236f10f3b691b37fff92~c5_720x720.jpeg?x-expires=1627779600&x-signature=y%2BDk%2Fi04v0Xh1yMGtn%2BwkL16GEU%3D","https://p16-sign-va.tiktokcdn.com/tos-maliva-avt-0068/a1f1ee8d591d236f10f3b691b37fff92~c5_1080x1080.jpeg?x-expires=1627779600&x-signature=fFhuQTBIfXcO%2BB%2BMWcoyfiNmwVU%3D",40,"https://p16-sign-va.tiktokcdn.com/obj/tos-maliva-p-0068/584e6a075e214f358b0e67fa7061957f_1627374704?x-expires=1627714800&x-signature=5GLkp%2B189ZL40HzNEKhU9e%2FG01g%3D","https://p16-sign-va.tiktokcdn.com/obj/tos-maliva-p-0068/45b53285df9d4247b03c632c30df2b78_1627374702?x-expires=1627714800&x-signature=fYIQUGyT3%2FmZiCQUT4Ioxgd4ZS4%3D","https://p16-sign-va.tiktokcdn.com/obj/tos-maliva-p-0068/7cb4d94b4f324e488bf124aa71d07e1f_1627374703?x-expires=1627714800&x-signature=ZK%2FRw4UKl2LDn0%2FqIjwB%2FMFAgdM%3D","https://www.tiktok.com/@juegosolimpicosmx2021/video/6989521110119271685","https://v16-web.tiktok.com/video/tos/useast2a/tos-useast2a-pve-0068/09ac4062f5f749889753c25b69b5ee1c/?a=1988&br=520&bt=260&cd=0%7C0%7C0&ch=0&cr=0&cs=0&dr=0&ds=3&er=&expire=1627716800&ft=Q9BExEBe_4ka&l=202107310132400101901890423892CCD6&lr=tiktok_m&mime_type=video_mp4&net=0&pl=0&policy=2&qs=0&rc=ajNwZTs6ZnF2NjMzNzczM0ApOzk5NWc1PGUzN2c1NTg0NWdicTNmcjRfNXNgLS1kMTZzc19jMC9fMjI2LzBeLmItYWM6Yw%3D%3D&signature=11db3a8b71e09f8b334682bc6095afa5&tk=tt_webid_v2&vl=&vr=","","",540,796,40,40,1,675,0,false,"[]","[{""id"":""23338864"",""name"":""juegosolimpicos"",""title"":"""",""cover"":""""},{""id"":""1592203280904198"",""name"":""üá≤üáΩ"",""title"":"""",""cover"":""""},{""id"":""65243"",""name"":""parati"",""title"":"""",""cover"":""""},{""id"":""1663911083703301"",""name"":""medallaolimpica"",""title"":"""",""cover"":""""}]","[]"
"6989433265241246982","6989433265241246982","MIENTRAS TANTO LOS ATLETAS‚Ä¶ 2 #juegosolimpicos #EspirituOlimpico #üá≤üáΩ #Parati",1627354247,"6987880834053866502","MS4wLjABAAAAEQmiSVNXXOLbM8PBNn095Mg3o_gdB-XwadXOQoV0YdPHwOie6iz_04_nae1T85sN","juegosolimpicosmx2021","üá≤üáΩ Juegos Ol√≠mpicos MX üá≤üáΩ",false,"Estaremos contigo estos Juegos Ol√≠mpicos report√°ndote los mejores momentos 2021","https://p16-sign-va.tiktokcdn.com/tos-maliva-avt-0068/a1f1ee8d591d236f10f3b691b37fff92~c5_1080x1080.jpeg?x-expires=1627779600&x-signature=fFhuQTBIfXcO%2BB%2BMWcoyfiNmwVU%3D",162,590,1437,33,60,"6730560466873125646","All Around the World(La La La)","R3hab / A Touch of Class",false,"","https://sf16-ies-music-va.tiktokcdn.com/obj/tos-useast2a-ve-2774/85837c4949f34e1889e1d473d81cd50c","https://p77-va.tiktokcdn.com/img/tos-useast2a-v-2774/03a012031d6745ed94413dde7b9abb82~c5_100x100.jpeg","https://p77-va.tiktokcdn.com/img/tos-useast2a-v-2774/03a012031d6745ed94413dde7b9abb82~c5_200x200.jpeg","https://p77-va.tiktokcdn.com/img/tos-useast2a-v-2774/03a012031d6745ed94413dde7b9abb82~c5_720x720.jpeg",147,"https://p16-sign-va.tiktokcdn.com/obj/tos-maliva-p-0068/b04883bf58284c1180c3720b26d4e01b_1627354248?x-expires=1627714800&x-signature=mmC6YCHFlKwCpMJVLP5x4mA7HLo%3D","https://p16-sign-va.tiktokcdn.com/obj/tos-maliva-p-0068/813150e96bc44234a9414c2f3a5318e3_1627354248?x-expires=1627714800&x-signature=MHZL70QqHYacBrDAH7h2R%2FfL66M%3D","https://p16-sign-va.tiktokcdn.com/obj/tos-maliva-p-0068/6b8a117758434a8893fc32ff61ede6ff_1627354249?x-expires=1627714800&x-signature=w3IKCBynaIjFJ5yrrvQoTTr2rFA%3D","https://www.tiktok.com/@juegosolimpicosmx2021/video/6989433265241246982","https://v16-web.tiktok.com/video/tos/useast2a/tos-useast2a-ve-0068c001/d8322c9c9ce1446f9e24d4a35c17bfb6/?a=1988&br=1394&bt=697&cd=0%7C0%7C0&ch=0&cr=0&cs=0&dr=0&ds=3&er=&expire=1627716828&ft=Q9BExEBe_4ka&l=202107310132400101901890423892CCD6&lr=tiktok_m&mime_type=video_mp4&net=0&pl=0&policy=2&qs=0&rc=M2Q8dDY6ZnNxNjMzNzczM0ApZzRnO2U2aWQ0Nzc1ZDM5PGdraGlzcjRvNXNgLS1kMTZzc2A1MmM2MF4xNDQ2L15eNS46Yw%3D%3D&signature=75c57b54ee0e09ff0c0863c371c311ce&tk=tt_webid_v2&vl=&vr=","","",960,540,68,36,0,577,0,false,"[]","[{""id"":""23338864"",""name"":""juegosolimpicos"",""title"":"""",""cover"":""""},{""id"":""1592203280904198"",""name"":""üá≤üáΩ"",""title"":"""",""cover"":""""},{""id"":""65243"",""name"":""parati"",""title"":"""",""cover"":""""}]","[]"
"6989396283517684998","6989396283517684998","üåê Zeno.fm/laclika üåê EN VIVO HOY #juegosolimpicos #EspirituOlimpico #üá≤üáΩ #Parati",1627345636,"6987880834053866502","MS4wLjABAAAAEQmiSVNXXOLbM8PBNn095Mg3o_gdB-XwadXOQoV0YdPHwOie6iz_04_nae1T85sN","juegosolimpicosmx2021","üá≤üáΩ Juegos Ol√≠mpicos MX üá≤üáΩ",false,"Estaremos contigo estos Juegos Ol√≠mpicos report√°ndote los mejores momentos 2021","https://p16-sign-va.tiktokcdn.com/tos-maliva-avt-0068/a1f1ee8d591d236f10f3b691b37fff92~c5_1080x1080.jpeg?x-expires=1627779600&x-signature=fFhuQTBIfXcO%2BB%2BMWcoyfiNmwVU%3D",162,590,1437,33,60,"6773851609840486402","SUNNY DAY","Matteo Rossanese",false,"","https://sf16-ies-music-va.tiktokcdn.com/obj/tos-useast2a-ve-2774/d7703cfad6a64a69ac41157e713b4bbf","https://p77-va.tiktokcdn.com/img/tos-useast2a-v-2774/cb4abcb1eb0e4be2ba4bd111900f8720~c5_100x100.jpeg","https://p77-va.tiktokcdn.com/img/tos-useast2a-v-2774/cb4abcb1eb0e4be2ba4bd111900f8720~c5_200x200.jpeg","https://p77-va.tiktokcdn.com/img/tos-useast2a-v-2774/cb4abcb1eb0e4be2ba4bd111900f8720~c5_720x720.jpeg",107,"https://p16-sign-va.tiktokcdn.com/obj/tos-maliva-p-0068/9cd1603281804c20b583317a52369376?x-expires=1627714800&x-signature=utgjOph%2BMt0q2VQKNUFxGVk2kCA%3D","https://p16-sign-va.tiktokcdn.com/obj/tos-maliva-p-0068/65095d6e100440e4938974a07b8c6825_1627345638?x-expires=1627714800&x-signature=P1IpE4JGXIn%2BJ7cDYmD%2Fz%2BqbKOI%3D","https://p16-sign-va.tiktokcdn.com/obj/tos-maliva-p-0068/4540bc4e07c444ec9ce9b81201893679_1627345639?x-expires=1627714800&x-signature=e2tlCfi6ZkWrGmnc2p4v%2B73JBnA%3D","https://www.tiktok.com/@juegosolimpicosmx2021/video/6989396283517684998","https://v16-web.tiktok.com/video/tos/useast2a/tos-useast2a-pve-0068/e029e6664228498e86316ad86e5699f9/?a=1988&br=540&bt=270&cd=0%7C0%7C0&ch=0&cr=0&cs=0&dr=0&ds=3&er=&expire=1627716770&ft=Q9BExEBe_4ka&l=202107310132400101901890423892CCD6&lr=tiktok_m&mime_type=video_mp4&net=0&pl=0&policy=2&qs=0&rc=M2dzOmc6ZnJvNjMzNzczM0ApZTVpZzY3ODw2Nzc3ZzhnOmdfZl5jcjQwMnNgLS1kMTZzczYwLmBiMi9hNjU1Y2EtYi46Yw%3D%3D&signature=f99f7ed5aab0c7a6b7b72e83e341da99&tk=tt_webid_v2&vl=&vr=","","",960,540,10,10,0,347,0,false,"[]","[{""id"":""23338864"",""name"":""juegosolimpicos"",""title"":"""",""cover"":""""},{""id"":""1592203280904198"",""name"":""üá≤üáΩ"",""title"":"""",""cover"":""""},{""id"":""65243"",""name"":""parati"",""title"":"""",""cover"":""""}]","[]"
"6989341207730081030","6989341207730081030","Video 9 - CLAVADOS SINCRONIZADOS - MEDALLA - Tokio 2020 #juegosolimpicos #EspirituOlimpico #üá≤üáΩ #Parati",1627332813,"6987880834053866502","MS4wLjABAAAAEQmiSVNXXOLbM8PBNn095Mg3o_gdB-XwadXOQoV0YdPHwOie6iz_04_nae1T85sN","juegosolimpicosmx2021","üá≤üáΩ Juegos Ol√≠mpicos MX üá≤üáΩ",false,"Estaremos contigo estos Juegos Ol√≠mpicos report√°ndote los mejores momentos 2021","https://p16-sign-va.tiktokcdn.com/tos-maliva-avt-0068/a1f1ee8d591d236f10f3b691b37fff92~c5_1080x1080.jpeg?x-expires=1627779600&x-signature=fFhuQTBIfXcO%2BB%2BMWcoyfiNmwVU%3D",162,590,1437,33,60,"6777243018756884481","Waiting For Heartache","BLVKSHP",false,"","https://sf16-ies-music-va.tiktokcdn.com/obj/tos-useast2a-ve-2774/a75af034dc2d47e594b0fd7de9c76162","https://p77-va.tiktokcdn.com/img/tos-useast2a-v-2774/9bbc65f74eb341ea8afade00eaa262a7~c5_100x100.jpeg","https://p77-va.tiktokcdn.com/img/tos-useast2a-v-2774/9bbc65f74eb341ea8afade00eaa262a7~c5_200x200.jpeg","https://p77-va.tiktokcdn.com/img/tos-useast2a-v-2774/9bbc65f74eb341ea8afade00eaa262a7~c5_720x720.jpeg",195,"https://p16-sign-va.tiktokcdn.com/obj/tos-maliva-p-0068/512ed7cadcd242e7a81f5d8245848a0b_1627332815?x-expires=1627714800&x-signature=ETVjE69UJRYEE2diAc78YkX6owI%3D","https://p16-sign-va.tiktokcdn.com/obj/tos-maliva-p-0068/0fd5fff4b9924f36835221e707ef0c57_1627332815?x-expires=1627714800&x-signature=TnuRsxFwm5d6lLTb0c1SZdbxP6U%3D","https://p16-sign-va.tiktokcdn.com/obj/tos-maliva-p-0068/4664881df4b246008f0768b5bd33008d_1627332814?x-expires=1627714800&x-signature=lBG5Srn%2Fz9hFxm0NjvxRhk5xVVE%3D","https://www.tiktok.com/@juegosolimpicosmx2021/video/6989341207730081030","https://v16-web.tiktok.com/video/tos/useast2a/tos-useast2a-ve-0068c003/adf14dcebaa4493db1fa5ce9484a823c/?a=1988&br=800&bt=400&cd=0%7C0%7C0&ch=0&cr=0&cs=0&dr=0&ds=3&er=&expire=1627716858&ft=Q9BExEBe_4ka&l=202107310132400101901890423892CCD6&lr=tiktok_m&mime_type=video_mp4&net=0&pl=0&policy=2&qs=0&rc=M3loazQ6ZmRsNjMzNzczM0ApOjs6Ojg6NmRlN2dmOzg2OmdhbHJgcjQwLnNgLS1kMTZzc2A0YmFfXzJeXzEzMDReLl86Yw%3D%3D&signature=018d8a64ae767668e74018e8d36ea14e&tk=tt_webid_v2&vl=&vr=","","",960,540,98,78,3,828,1,false,"[]","[{""id"":""23338864"",""name"":""juegosolimpicos"",""title"":"""",""cover"":""""},{""id"":""1592203280904198"",""name"":""üá≤üáΩ"",""title"":"""",""cover"":""""},{""id"":""65243"",""name"":""parati"",""title"":"""",""cover"":""""}]","[]"
"6989337870204996870","6989337870204996870","Accidente en Tokio 2020 #juegosolimpicos #EspirituOlimpico #üá≤üáΩ #Parati",1627332036,"6987880834053866502","MS4wLjABAAAAEQmiSVNXXOLbM8PBNn095Mg3o_gdB-XwadXOQoV0YdPHwOie6iz_04_nae1T85sN","juegosolimpicosmx2021","üá≤üáΩ Juegos Ol√≠mpicos MX üá≤üáΩ",false,"Estaremos contigo estos Juegos Ol√≠mpicos report√°ndote los mejores momentos 2021","https://p16-sign-va.tiktokcdn.com/tos-maliva-avt-0068/a1f1ee8d591d236f10f3b691b37fff92~c5_1080x1080.jpeg?x-expires=1627779600&x-signature=fFhuQTBIfXcO%2BB%2BMWcoyfiNmwVU%3D",162,590,1437,33,60,"6989337749551713030","sonido original","üá≤üáΩ Juegos Ol√≠mpicos MX üá≤üáΩ",true,"","https://sf16-ies-music-va.tiktokcdn.com/obj/musically-maliva-obj/6989337855940528901.mp3","https://p16-sign-va.tiktokcdn.com/tos-maliva-avt-0068/a1f1ee8d591d236f10f3b691b37fff92~c5_100x100.jpeg?x-expires=1627779600&x-signature=HZtAI54zPtkv7n2QESfheCteohg%3D","https://p16-sign-va.tiktokcdn.com/tos-maliva-avt-0068/a1f1ee8d591d236f10f3b691b37fff92~c5_720x720.jpeg?x-expires=1627779600&x-signature=y%2BDk%2Fi04v0Xh1yMGtn%2BwkL16GEU%3D","https://p16-sign-va.tiktokcdn.com/tos-maliva-avt-0068/a1f1ee8d591d236f10f3b691b37fff92~c5_1080x1080.jpeg?x-expires=1627779600&x-signature=fFhuQTBIfXcO%2BB%2BMWcoyfiNmwVU%3D",27,"https://p16-sign-va.tiktokcdn.com/obj/tos-maliva-p-0068/0c8176a87c2042f9a31378f557caf97d_1627332037?x-expires=1627714800&x-signature=FvjAc2YIX5dQfKrn%2F4fy0Zzr7%2BY%3D","https://p16-sign-va.tiktokcdn.com/obj/tos-maliva-p-0068/ad8bd71d7e55485d817f41a539764574_1627332037?x-expires=1627714800&x-signature=%2FVABcnCZQWwwU%2BnGMhYtsIVIHdI%3D","https://p16-sign-va.tiktokcdn.com/obj/tos-maliva-p-0068/2e5ccf0e82384d15b448f95b6cd9549d_1627332038?x-expires=1627714800&x-signature=xVXoVysutP%2Ft4gs2l0PGZMTM%2FOc%3D","https://www.tiktok.com/@juegosolimpicosmx2021/video/6989337870204996870","https://v16-web.tiktok.com/video/tos/useast2a/tos-useast2a-ve-0068c003/6fbdc26a0725475a95b386d7d782a568/?a=1988&br=1374&bt=687&cd=0%7C0%7C0&ch=0&cr=0&cs=0&dr=0&ds=3&er=&expire=1627716787&ft=Q9BExEBe_4ka&l=202107310132400101901890423892CCD6&lr=tiktok_m&mime_type=video_mp4&net=0&pl=0&policy=2&qs=0&rc=MzhrPGc6ZmdrNjMzNzczM0ApZzc6PDo0MzxoNzw4aTg7OGdhZS5jcjRfb3NgLS1kMTZzczU2Ni0zXi80NDQwNi0xMjA6Yw%3D%3D&signature=f5be65bfdcf0d13f7db3bcf1e049aa47&tk=tt_webid_v2&vl=&vr=","","",720,540,27,7,0,297,1,false,"[]","[{""id"":""23338864"",""name"":""juegosolimpicos"",""title"":"""",""cover"":""""},{""id"":""1592203280904198"",""name"":""üá≤üáΩ"",""title"":"""",""cover"":""""},{""id"":""65243"",""name"":""parati"",""title"":"""",""cover"":""""}]","[]"
"6989337000700579077","6989337000700579077","SON SOLO ALGUNAS - HORA DE TIJUANA #juegosolimpicos #EspirituOlimpico #üá≤üáΩ  #Parati",1627331833,"6987880834053866502","MS4wLjABAAAAEQmiSVNXXOLbM8PBNn095Mg3o_gdB-XwadXOQoV0YdPHwOie6iz_04_nae1T85sN","juegosolimpicosmx2021","üá≤üáΩ Juegos Ol√≠mpicos MX üá≤üáΩ",false,"Estaremos contigo estos Juegos Ol√≠mpicos report√°ndote los mejores momentos 2021","https://p16-sign-va.tiktokcdn.com/tos-maliva-avt-0068/a1f1ee8d591d236f10f3b691b37fff92~c5_1080x1080.jpeg?x-expires=1627779600&x-signature=fFhuQTBIfXcO%2BB%2BMWcoyfiNmwVU%3D",162,590,1437,33,60,"6872672725047969793","Me Gusta (with Cardi B & Myke Towers)","Anitta",false,"Me Gusta (with Cardi B & Myke Towers)","https://sf16-ies-music-va.tiktokcdn.com/obj/tos-useast2a-ve-2774/7c1340cea4bb4500b267fd4b93edd6f7","https://p77-va.tiktokcdn.com/img/tos-useast2a-v-2774/82b59f0784594ce18e56ee2285b588ce~c5_100x100.jpeg","https://p77-va.tiktokcdn.com/img/tos-useast2a-v-2774/82b59f0784594ce18e56ee2285b588ce~c5_200x200.jpeg","https://p77-va.tiktokcdn.com/img/tos-useast2a-v-2774/82b59f0784594ce18e56ee2285b588ce~c5_720x720.jpeg",60,"https://p16-sign-va.tiktokcdn.com/obj/tos-maliva-p-0068/70167b9926ed47e8a452534472258c49_1627331835?x-expires=1627714800&x-signature=udMy5SUAAs5YU%2FHfUhQopJggoU0%3D","https://p16-sign-va.tiktokcdn.com/obj/tos-maliva-p-0068/298013a431e548a38b72413ddb758378_1627331836?x-expires=1627714800&x-signature=vu29RBnHe%2BNOu2dkVtwYISCB3kQ%3D","https://p16-sign-va.tiktokcdn.com/obj/tos-maliva-p-0068/f42fea0931694a2785821727fc57f713_1627331835?x-expires=1627714800&x-signature=D1ixmTU%2F9Bnp43h%2F7OFDrQ7mpB0%3D","https://www.tiktok.com/@juegosolimpicosmx2021/video/6989337000700579077","https://v16-web.tiktok.com/video/tos/useast2a/tos-useast2a-ve-0068c002/583ccc3085404746acea3890f0853fe8/?a=1988&br=286&bt=143&cd=0%7C0%7C0&ch=0&cr=0&cs=0&dr=0&ds=3&er=&expire=1627716767&ft=Q9BExEBe_4ka&l=202107310132400101901890423892CCD6&lr=tiktok_m&mime_type=video_mp4&net=0&pl=0&policy=2&qs=0&rc=ajZnZ2Q6ZndrNjMzNzczM0ApNmg0aGllNDs7Nzk2NmdoZGdsMXFwcjRvbXNgLS1kMTZzc2MzMTVjYzQwLV5eNS5jMS46Yw%3D%3D&signature=a1581569ee525cc449fa743a4ce6cbcb&tk=tt_webid_v2&vl=&vr=","","",540,684,7,15,0,358,0,false,"[]","[{""id"":""23338864"",""name"":""juegosolimpicos"",""title"":"""",""cover"":""""},{""id"":""1592203280904198"",""name"":""üá≤üáΩ"",""title"":"""",""cover"":""""},{""id"":""65243"",""name"":""parati"",""title"":"""",""cover"":""""}]","[]"
"6989102736738372869","6989102736738372869","#juegosolimpicos #espirituol√≠mpico #üá≤üáΩ #Parati",1627277298,"6987880834053866502","MS4wLjABAAAAEQmiSVNXXOLbM8PBNn095Mg3o_gdB-XwadXOQoV0YdPHwOie6iz_04_nae1T85sN","juegosolimpicosmx2021","üá≤üáΩ Juegos Ol√≠mpicos MX üá≤üáΩ",false,"Estaremos contigo estos Juegos Ol√≠mpicos report√°ndote los mejores momentos 2021","https://p16-sign-va.tiktokcdn.com/tos-maliva-avt-0068/a1f1ee8d591d236f10f3b691b37fff92~c5_1080x1080.jpeg?x-expires=1627779600&x-signature=fFhuQTBIfXcO%2BB%2BMWcoyfiNmwVU%3D",162,590,1437,33,60,"6865089307984579333","That's What I Like","Bruno Mars",false,"24K Magic","https://sf16-ies-music-va.tiktokcdn.com/obj/tos-useast2a-ve-2774/91beda28176d458db895a468b53acb7f","https://p77-va.tiktokcdn.com/img/tos-useast2a-v-2774/4efde33f23844037aff6056ff79439fd~c5_100x100.jpeg","https://p77-va.tiktokcdn.com/img/tos-useast2a-v-2774/4efde33f23844037aff6056ff79439fd~c5_200x200.jpeg","https://p77-va.tiktokcdn.com/img/tos-useast2a-v-2774/4efde33f23844037aff6056ff79439fd~c5_720x720.jpeg",11,"https://p16-sign-va.tiktokcdn.com/obj/tos-maliva-p-0068/0686ad195a3246c4bf746355987baa75?x-expires=1627714800&x-signature=PyK%2BinrFDbMV9VsA7bu%2FZYsRfd4%3D","https://p16-sign-va.tiktokcdn.com/obj/tos-maliva-p-0068/31a8726b41704458b48d334eb5d96a03_1627277299?x-expires=1627714800&x-signature=C%2BSbNOSTS1llS2zn2m8Q0%2F6kPeQ%3D","https://p16-sign-va.tiktokcdn.com/obj/tos-maliva-p-0068/ddf3b1dc990e430ea7e9fd11a3681dbb_1627277299?x-expires=1627714800&x-signature=aBtiO4%2FPNbqbM%2BVCZpW9O6zVa5A%3D","https://www.tiktok.com/@juegosolimpicosmx2021/video/6989102736738372869","https://v16-web.tiktok.com/video/tos/useast2a/tos-useast2a-ve-0068c004/2462760d581e4eb49a9c0f9a4092c333/?a=1988&br=704&bt=352&cd=0%7C0%7C0&ch=0&cr=0&cs=0&dr=0&ds=3&er=&expire=1627716770&ft=Q9BExEBe_4ka&l=202107310132400101901890423892CCD6&lr=tiktok_m&mime_type=video_mp4&net=0&pl=0&policy=2&qs=0&rc=am83bWU6ZnU3NjMzNzczM0ApZDNlNGU0Ozw7NzozZDVpZmdeYW5gcjRvY3NgLS1kMTZzc2BeXjE0YV4zNmIvMDIvYmE6Yw%3D%3D&signature=d851a9643fabf6ed082f698bbd8f012e&tk=tt_webid_v2&vl=&vr=","","",960,540,10,16,0,351,1,false,"[]","[{""id"":""23338864"",""name"":""juegosolimpicos"",""title"":"""",""cover"":""""},{""id"":""1706087122211845"",""name"":""espirituol√≠mpico"",""title"":"""",""cover"":""""},{""id"":""1592203280904198"",""name"":""üá≤üáΩ"",""title"":"""",""cover"":""""},{""id"":""65243"",""name"":""parati"",""title"":"""",""cover"":""""}]","[]"
"6989051495425543429","6989051495425543429","üåê Zeno.fm/laclika üåê üìªüì° 10:50 PM (TIJ) 12:50 AM (CDMX) #juegosolimpicos #espirituol√≠mpico #üá≤üáΩ #Parati",1627265362,"6987880834053866502","MS4wLjABAAAAEQmiSVNXXOLbM8PBNn095Mg3o_gdB-XwadXOQoV0YdPHwOie6iz_04_nae1T85sN","juegosolimpicosmx2021","üá≤üáΩ Juegos Ol√≠mpicos MX üá≤üáΩ",false,"Estaremos contigo estos Juegos Ol√≠mpicos report√°ndote los mejores momentos 2021","https://p16-sign-va.tiktokcdn.com/tos-maliva-avt-0068/a1f1ee8d591d236f10f3b691b37fff92~c5_1080x1080.jpeg?x-expires=1627779600&x-signature=fFhuQTBIfXcO%2BB%2BMWcoyfiNmwVU%3D",162,590,1437,33,60,"222447581480501248","Uptown Funk (feat. Bruno Mars)","Mark Ronson",false,"Uptown Special","https://sf16-ies-music-va.tiktokcdn.com/obj/tos-useast2a-ve-2774/4a3cd1914964482d917524517b6459f9","https://p77-va.tiktokcdn.com/img/tos-useast2a-v-2774/98e2a86c6d0d462281e2b5c95b5a271b~c5_100x100.jpeg","https://p77-va.tiktokcdn.com/img/tos-useast2a-v-2774/98e2a86c6d0d462281e2b5c95b5a271b~c5_200x200.jpeg","https://p77-va.tiktokcdn.com/img/tos-useast2a-v-2774/98e2a86c6d0d462281e2b5c95b5a271b~c5_720x720.jpeg",30,"https://p16-sign-va.tiktokcdn.com/obj/tos-maliva-p-0068/d2a88db32f5f4984ab9755f3173c0161_1627265364?x-expires=1627714800&x-signature=za3NgtP%2Fsk8dfXiQoZkei9KneY4%3D","https://p16-sign-va.tiktokcdn.com/obj/tos-maliva-p-0068/f49a7a445d8b4950a1e896c9743cd185_1627265363?x-expires=1627714800&x-signature=WFTB3kA7B79nB%2BgmtvORpBjSHWo%3D","https://p16-sign-va.tiktokcdn.com/obj/tos-maliva-p-0068/3f6ed8a8c0b441a78fe90d8f0bb266f4_1627265364?x-expires=1627714800&x-signature=GQtR6vXvWlOm0s6CV45IOmohYSk%3D","https://www.tiktok.com/@juegosolimpicosmx2021/video/6989051495425543429","https://v16-web.tiktok.com/video/tos/useast2a/tos-useast2a-ve-0068c003/39e75b3317bb482e97fc9bdd62a0fd13/?a=1988&br=526&bt=263&cd=0%7C0%7C0&ch=0&cr=0&cs=0&dr=0&ds=3&er=&expire=1627716770&ft=Q9BExEBe_4ka&l=202107310132400101901890423892CCD6&lr=tiktok_m&mime_type=video_mp4&net=0&pl=0&policy=2&qs=0&rc=amVwcGY6Zm40NjMzNzczM0ApOGVpaTNoNmQ7Nzw2NWZnN2cuLTJycjQwZnNgLS1kMTZzczUvYzRgNV8xMF41MWMyNi46Yw%3D%3D&signature=a635c2387cdc4bc8aafefb5f157f597c&tk=tt_webid_v2&vl=&vr=","","",960,540,10,7,0,298,1,false,"[]","[{""id"":""23338864"",""name"":""juegosolimpicos"",""title"":"""",""cover"":""""},{""id"":""1706087122211845"",""name"":""espirituol√≠mpico"",""title"":"""",""cover"":""""},{""id"":""1592203280904198"",""name"":""üá≤üáΩ"",""title"":"""",""cover"":""""},{""id"":""65243"",""name"":""parati"",""title"":"""",""cover"":""""}]","[]"
"6989041475766045957","6989041475766045957","Muchas gracias por el apoyo que ha recibido esta cuenta ¬°a seguir creciendo! #juegosolimpicos #espirituol√≠mpico #üá≤üáΩ #Parati",1627263030,"6987880834053866502","MS4wLjABAAAAEQmiSVNXXOLbM8PBNn095Mg3o_gdB-XwadXOQoV0YdPHwOie6iz_04_nae1T85sN","juegosolimpicosmx2021","üá≤üáΩ Juegos Ol√≠mpicos MX üá≤üáΩ",false,"Estaremos contigo estos Juegos Ol√≠mpicos report√°ndote los mejores momentos 2021","https://p16-sign-va.tiktokcdn.com/tos-maliva-avt-0068/a1f1ee8d591d236f10f3b691b37fff92~c5_1080x1080.jpeg?x-expires=1627779600&x-signature=fFhuQTBIfXcO%2BB%2BMWcoyfiNmwVU%3D",162,590,1437,33,60,"6701193015324576513"," Fast","Sueco the Child ",false,"","https://sf16-ies-music-va.tiktokcdn.com/obj/tos-useast2a-ve-2774/37ffba42d99240feb046f24bddf9c99d","https://p77-va.tiktokcdn.com/img/tos-useast2a-v-2774/057f6b3f3c714d11bf11fd17b2bcc9b0~c5_100x100.jpeg","https://p77-va.tiktokcdn.com/img/tos-useast2a-v-2774/057f6b3f3c714d11bf11fd17b2bcc9b0~c5_200x200.jpeg","https://p77-va.tiktokcdn.com/img/tos-useast2a-v-2774/057f6b3f3c714d11bf11fd17b2bcc9b0~c5_720x720.jpeg",28,"https://p16-sign-va.tiktokcdn.com/obj/tos-maliva-p-0068/5e3f4bc8ecde4d2b83fc99b7c94994cd_1627263032?x-expires=1627714800&x-signature=JoqB1WNwcUZ9%2Bj4VRP5W%2FgAQXvs%3D","https://p16-sign-va.tiktokcdn.com/obj/tos-maliva-p-0068/6eb0d4f9d9fb4b48ab814e3199581395_1627263031?x-expires=1627714800&x-signature=77oR0rtmxFCt0JnQQhkqNaX%2FmEo%3D","https://p16-sign-va.tiktokcdn.com/obj/tos-maliva-p-0068/2516f4cdb24942b4a9ddc45d0b176252_1627263031?x-expires=1627714800&x-signature=Q6l83K0J7ylKN23a9PqvuoeJP2s%3D","https://www.tiktok.com/@juegosolimpicosmx2021/video/6989041475766045957","https://v16-web.tiktok.com/video/tos/useast2a/tos-useast2a-ve-0068c003/3cc22ac3693749d585a482bba61bcb28/?a=1988&br=774&bt=387&cd=0%7C0%7C0&ch=0&cr=0&cs=0&dr=0&ds=3&er=&expire=1627716772&ft=Q9BExEBe_4ka&l=202107310132400101901890423892CCD6&lr=tiktok_m&mime_type=video_mp4&net=0&pl=0&policy=2&qs=0&rc=amhmNzk6ZmY0NjMzNzczM0ApODc3OmZoPGU6N2ZnZzk0PGdoXjJjcjRnLXNgLS1kMTZzczJhLy8xMGBgMmMuMmI2MWA6Yw%3D%3D&signature=7f40660ff4c7e2793c817d6851efde09&tk=tt_webid_v2&vl=&vr=","","",960,540,12,16,0,285,0,false,"[]","[{""id"":""23338864"",""name"":""juegosolimpicos"",""title"":"""",""cover"":""""},{""id"":""1706087122211845"",""name"":""espirituol√≠mpico"",""title"":"""",""cover"":""""},{""id"":""1592203280904198"",""name"":""üá≤üáΩ"",""title"":"""",""cover"":""""},{""id"":""65243"",""name"":""parati"",""title"":"""",""cover"":""""}]","[]"
"6989040384785616133","6989040384785616133","Video 8 - Futbol - Mexico vs Jap√≥n - Tokio 2020 #juegosolimpicos #espirituol√≠mpico #üá≤üáΩ #Parati",1627262776,"6987880834053866502","MS4wLjABAAAAEQmiSVNXXOLbM8PBNn095Mg3o_gdB-XwadXOQoV0YdPHwOie6iz_04_nae1T85sN","juegosolimpicosmx2021","üá≤üáΩ Juegos Ol√≠mpicos MX üá≤üáΩ",false,"Estaremos contigo estos Juegos Ol√≠mpicos report√°ndote los mejores momentos 2021","https://p16-sign-va.tiktokcdn.com/tos-maliva-avt-0068/a1f1ee8d591d236f10f3b691b37fff92~c5_1080x1080.jpeg?x-expires=1627779600&x-signature=fFhuQTBIfXcO%2BB%2BMWcoyfiNmwVU%3D",162,590,1437,33,60,"6977562309870749697","In Da Getto","J. Balvin & Skrillex",false,"In Da Getto","https://sf16-ies-music-va.tiktokcdn.com/obj/tos-useast2a-ve-2774/53d12ea5cbb640e49152d5c317e517be","https://p77-va.tiktokcdn.com/img/tos-useast2a-v-2774/ddfbe92ef29b4c9699491aff7715c5fd~c5_100x100.jpeg","https://p77-va.tiktokcdn.com/img/tos-useast2a-v-2774/ddfbe92ef29b4c9699491aff7715c5fd~c5_200x200.jpeg","https://p77-va.tiktokcdn.com/img/tos-useast2a-v-2774/ddfbe92ef29b4c9699491aff7715c5fd~c5_720x720.jpeg",45,"https://p16-sign-va.tiktokcdn.com/obj/tos-maliva-p-0068/844bbf464dc5408b9e89d8f8c3bb919c_1627262777?x-expires=1627714800&x-signature=eiuog%2Fy0FEBUL%2BrqTsf51UsZ1ow%3D","https://p16-sign-va.tiktokcdn.com/obj/tos-maliva-p-0068/0dee9fe0f0c24724b162d4b0732135ae_1627262778?x-expires=1627714800&x-signature=X9RRTy5ZTgqtKwVwk7aw7J9gbxU%3D","https://p16-sign-va.tiktokcdn.com/obj/tos-maliva-p-0068/f6b19e15bbcd41e3be15a8638df6eecb_1627262777?x-expires=1627714800&x-signature=qwDnZ5fFllYVdqPeAyAWlfL%2Fcn8%3D","https://www.tiktok.com/@juegosolimpicosmx2021/video/6989040384785616133","https://v16-web.tiktok.com/video/tos/useast2a/tos-useast2a-ve-0068c003/6ea9f921fd4641d686761c5c3368b4a5/?a=1988&br=684&bt=342&cd=0%7C0%7C0&ch=0&cr=0&cs=0&dr=0&ds=3&er=&expire=1627716816&ft=Q9BExEBe_4ka&l=202107310132400101901890423892CCD6&lr=tiktok_m&mime_type=video_mp4&net=0&pl=0&policy=2&qs=0&rc=am83NGk6ZjozNjMzNzczM0ApZWc8ZWg5Zjw8N2g2ODg6NWdpLXBfcjRfcnNgLS1kMTZzc2NfNC4uYi9gY2IwLjNfXjI6Yw%3D%3D&signature=c4d45d66c103626fb0e3f0b2486a5f44&tk=tt_webid_v2&vl=&vr=","","",540,606,56,15,0,294,0,false,"[]","[{""id"":""23338864"",""name"":""juegosolimpicos"",""title"":"""",""cover"":""""},{""id"":""1706087122211845"",""name"":""espirituol√≠mpico"",""title"":"""",""cover"":""""},{""id"":""1592203280904198"",""name"":""üá≤üáΩ"",""title"":"""",""cover"":""""},{""id"":""65243"",""name"":""parati"",""title"":"""",""cover"":""""}]","[]"
"6988926323175525638","6988926323175525638","EN VIVO POR Zeno.fm/laclika üö®HORA DE LOS √ÅNGELES üö® #üá≤üáΩ #juegosolimpicos #espirituolimpico #parati",1627236218,"6987880834053866502","MS4wLjABAAAAEQmiSVNXXOLbM8PBNn095Mg3o_gdB-XwadXOQoV0YdPHwOie6iz_04_nae1T85sN","juegosolimpicosmx2021","üá≤üáΩ Juegos Ol√≠mpicos MX üá≤üáΩ",false,"Estaremos contigo estos Juegos Ol√≠mpicos report√°ndote los mejores momentos 2021","https://p16-sign-va.tiktokcdn.com/tos-maliva-avt-0068/a1f1ee8d591d236f10f3b691b37fff92~c5_1080x1080.jpeg?x-expires=1627779600&x-signature=fFhuQTBIfXcO%2BB%2BMWcoyfiNmwVU%3D",162,590,1437,33,60,"6948076402331617281","Canci√≥n Bonita","Carlos Vives & Ricky Martin",false,"Canci√≥n Bonita","https://sf16-ies-music-va.tiktokcdn.com/obj/tos-useast2a-ve-2774/3707ea208a604eba82a35ee726e6c6bf","https://p77-va.tiktokcdn.com/img/tos-useast2a-v-2774/a9e8ccad9f89421491e765ecc1905839~c5_100x100.jpeg","https://p77-va.tiktokcdn.com/img/tos-useast2a-v-2774/a9e8ccad9f89421491e765ecc1905839~c5_200x200.jpeg","https://p77-va.tiktokcdn.com/img/tos-useast2a-v-2774/a9e8ccad9f89421491e765ecc1905839~c5_720x720.jpeg",30,"https://p16-sign-va.tiktokcdn.com/obj/tos-maliva-p-0068/f2deb58ffdf04cc891a7f2bd8547e269?x-expires=1627714800&x-signature=OvgO9V4Pa7Sx8GK2joPf5GUSd7Y%3D","https://p16-sign-va.tiktokcdn.com/obj/tos-maliva-p-0068/772bb448bc134058b8dc27ed2eecc0f2_1627236219?x-expires=1627714800&x-signature=0IefiB9UaYB1K95WlKs3oIEEARw%3D","https://p16-sign-va.tiktokcdn.com/obj/tos-maliva-p-0068/b6b3affdcc324fce85d9cda09c4d0a80_1627236219?x-expires=1627714800&x-signature=UY1BARw9eiqtPO0FL4tOFANdMpI%3D","https://www.tiktok.com/@juegosolimpicosmx2021/video/6988926323175525638","https://v16-web.tiktok.com/video/tos/useast2a/tos-useast2a-pve-0068/1e2fe88535b74b13a53d223b03f94b60/?a=1988&br=620&bt=310&cd=0%7C0%7C0&ch=0&cr=0&cs=0&dr=0&ds=3&er=&expire=1627716770&ft=Q9BExEBe_4ka&l=202107310132400101901890423892CCD6&lr=tiktok_m&mime_type=video_mp4&net=0&pl=0&policy=2&qs=0&rc=M2twamY6Znd0NjMzNzczM0ApOGU5Zzw3NztkNzppOmllNWcvZGlncjRvYnJgLS1kMTZzczRjNjAwXzU0Ll4uYi5hYWA6Yw%3D%3D&signature=2edfe46027d1847adb9edc98de2f39c3&tk=tt_webid_v2&vl=&vr=","","",960,540,10,10,0,393,0,false,"[]","[{""id"":""1592203280904198"",""name"":""üá≤üáΩ"",""title"":"""",""cover"":""""},{""id"":""23338864"",""name"":""juegosolimpicos"",""title"":"""",""cover"":""""},{""id"":""65243"",""name"":""parati"",""title"":"""",""cover"":""""}]","[]"
"6988758777130421509","6988758777130421509","Pr√≥ximos eventos mexicanos en Tokio 2020 #üá≤üáΩ #juegosolimpicos #espirituolimpico #parati",1627197215,"6987880834053866502","MS4wLjABAAAAEQmiSVNXXOLbM8PBNn095Mg3o_gdB-XwadXOQoV0YdPHwOie6iz_04_nae1T85sN","juegosolimpicosmx2021","üá≤üáΩ Juegos Ol√≠mpicos MX üá≤üáΩ",false,"Estaremos contigo estos Juegos Ol√≠mpicos report√°ndote los mejores momentos 2021","https://p16-sign-va.tiktokcdn.com/tos-maliva-avt-0068/a1f1ee8d591d236f10f3b691b37fff92~c5_1080x1080.jpeg?x-expires=1627779600&x-signature=fFhuQTBIfXcO%2BB%2BMWcoyfiNmwVU%3D",162,590,1437,33,60,"6705083088147318786","Adventure of a Lifetime","Coldplay",false,"Adventure of a Lifetime","https://sf16-ies-music-va.tiktokcdn.com/obj/tos-useast2a-ve-2774/4f16585ca01d4f219f9b01e552e3702f","https://p77-va.tiktokcdn.com/img/tos-useast2a-v-2774/2ab97431fabb40bea9bbf1a9856a13dd~c5_100x100.jpeg","https://p77-va.tiktokcdn.com/img/tos-useast2a-v-2774/2ab97431fabb40bea9bbf1a9856a13dd~c5_200x200.jpeg","https://p77-va.tiktokcdn.com/img/tos-useast2a-v-2774/2ab97431fabb40bea9bbf1a9856a13dd~c5_720x720.jpeg",60,"https://p16-sign-va.tiktokcdn.com/obj/tos-maliva-p-0068/78a960e9f391493299f4ce1e60802717_1627197217?x-expires=1627714800&x-signature=Ch6SJWAJ3fAOblFbkeoFlisP8ys%3D","https://p16-sign-va.tiktokcdn.com/obj/tos-maliva-p-0068/e42b9c88bce34f94a7506a8506b8e311_1627197216?x-expires=1627714800&x-signature=rzg72xm5PIphzBmHYpIQ4QbRvWI%3D","https://p16-sign-va.tiktokcdn.com/obj/tos-maliva-p-0068/2c9eda81a2d046d29ceb780ea968c8c8_1627197217?x-expires=1627714800&x-signature=B7wshxb5g5v9dqRQbRO7nq4OSac%3D","https://www.tiktok.com/@juegosolimpicosmx2021/video/6988758777130421509","https://v16-web.tiktok.com/video/tos/useast2a/tos-useast2a-pve-0068/e1bf9387d57444358fc3b4bc5fdd458a/?a=1988&br=378&bt=189&cd=0%7C0%7C0&ch=0&cr=0&cs=0&dr=0&ds=3&er=&expire=1627716779&ft=Q9BExEBe_4ka&l=202107310132400101901890423892CCD6&lr=tiktok_m&mime_type=video_mp4&net=0&pl=0&policy=2&qs=0&rc=M3JzOWg6ZjpqNjMzNzczM0ApOjk3ZjM0aGU6N2ZlaGU2ZWcyZC8ycjQwcnJgLS1kMTZzczUyNDRfLi81MzQ2Ml9eLTY6Yw%3D%3D&signature=89c20dd19921621c345e5f6335993786&tk=tt_webid_v2&vl=&vr=","","",960,540,19,23,0,501,0,false,"[]","[{""id"":""1592203280904198"",""name"":""üá≤üáΩ"",""title"":"""",""cover"":""""},{""id"":""23338864"",""name"":""juegosolimpicos"",""title"":"""",""cover"":""""},{""id"":""65243"",""name"":""parati"",""title"":"""",""cover"":""""}]","[]"
"6988609179577535749","6988609179577535749","EN VIVO POR LA CLIKA FM: Zeno.fm/laclika #üá≤üáΩ #juegosolimpicos #espirituolimpico #parati",1627162377,"6987880834053866502","MS4wLjABAAAAEQmiSVNXXOLbM8PBNn095Mg3o_gdB-XwadXOQoV0YdPHwOie6iz_04_nae1T85sN","juegosolimpicosmx2021","üá≤üáΩ Juegos Ol√≠mpicos MX üá≤üáΩ",false,"Estaremos contigo estos Juegos Ol√≠mpicos report√°ndote los mejores momentos 2021","https://p16-sign-va.tiktokcdn.com/tos-maliva-avt-0068/a1f1ee8d591d236f10f3b691b37fff92~c5_1080x1080.jpeg?x-expires=1627779600&x-signature=fFhuQTBIfXcO%2BB%2BMWcoyfiNmwVU%3D",162,590,1437,33,60,"6847217254992463873","Tattoo (Remix with Camilo)","Rauw Alejandro & Camilo",false,"Tattoo (Remix with Camilo)","https://sf16-ies-music-va.tiktokcdn.com/obj/tos-useast2a-ve-2774/1bdd23ff7b484699a7ac33a470e93cb9","https://p77-va.tiktokcdn.com/img/tos-useast2a-v-2774/2ae41c32fee54982b10171426ab4d848~c5_100x100.jpeg","https://p77-va.tiktokcdn.com/img/tos-useast2a-v-2774/2ae41c32fee54982b10171426ab4d848~c5_200x200.jpeg","https://p77-va.tiktokcdn.com/img/tos-useast2a-v-2774/2ae41c32fee54982b10171426ab4d848~c5_720x720.jpeg",30,"https://p16-sign-va.tiktokcdn.com/obj/tos-maliva-p-0068/987c83f53e0744e389bea810ea003f22_1627162379?x-expires=1627714800&x-signature=akt%2Fe3FA4cbfX4buU0eGuez7QiY%3D","https://p16-sign-va.tiktokcdn.com/obj/tos-maliva-p-0068/f2a3ea2ee28546aeaf5bd45859e4dbc9_1627162378?x-expires=1627714800&x-signature=gEZWDmAjPOB4lKGtctzdIr9Jr6s%3D","https://p16-sign-va.tiktokcdn.com/obj/tos-maliva-p-0068/847358a92a8c45b594de0a40049b38fc_1627162378?x-expires=1627714800&x-signature=cilqhJNZKHLahxPlFSg6A%2FQ8uxE%3D","https://www.tiktok.com/@juegosolimpicosmx2021/video/6988609179577535749","https://v16-web.tiktok.com/video/tos/useast2a/tos-useast2a-pve-0068/a7b5346b70024b97bfd104e3bf727608/?a=1988&br=1908&bt=954&cd=0%7C0%7C0&ch=0&cr=0&cs=0&dr=0&ds=3&er=&expire=1627716770&ft=Q9BExEBe_4ka&l=202107310132400101901890423892CCD6&lr=tiktok_m&mime_type=video_mp4&net=0&pl=0&policy=2&qs=0&rc=amhrdWc6ZjM7NjMzNzczM0ApMzs1aWZpPDxmN2c3ZDllM2drNjRqcjRvYnJgLS1kMTZzcy40LTNgLy1jMy5iNjVgMmM6Yw%3D%3D&signature=f2251944e3cab7109a10a0f39b908e17&tk=tt_webid_v2&vl=&vr=","","",960,540,10,6,0,239,0,false,"[]","[{""id"":""1592203280904198"",""name"":""üá≤üáΩ"",""title"":"""",""cover"":""""},{""id"":""23338864"",""name"":""juegosolimpicos"",""title"":"""",""cover"":""""},{""id"":""65243"",""name"":""parati"",""title"":"""",""cover"":""""}]","[]"
"6988407524047260934","6988407524047260934","Video 8 - M√©xico vs Turk√≠a - Primer medalla mexico - Tokio 2020 #juegosolimpicos #üá≤üáΩ #espirituolimpico #parati",1627115430,"6987880834053866502","MS4wLjABAAAAEQmiSVNXXOLbM8PBNn095Mg3o_gdB-XwadXOQoV0YdPHwOie6iz_04_nae1T85sN","juegosolimpicosmx2021","üá≤üáΩ Juegos Ol√≠mpicos MX üá≤üáΩ",false,"Estaremos contigo estos Juegos Ol√≠mpicos report√°ndote los mejores momentos 2021","https://p16-sign-va.tiktokcdn.com/tos-maliva-avt-0068/a1f1ee8d591d236f10f3b691b37fff92~c5_1080x1080.jpeg?x-expires=1627779600&x-signature=fFhuQTBIfXcO%2BB%2BMWcoyfiNmwVU%3D",162,590,1437,33,60,"6777294017802553346","Stay True (Full Mix)","David Das",false,"","https://sf16-ies-music-va.tiktokcdn.com/obj/tos-useast2a-ve-2774/33b3b874a99540fbbf6ecf4c08fcaff1","https://p77-va.tiktokcdn.com/img/tos-useast2a-v-2774/18aec4b648fe4f779838630edd0c574d~c5_100x100.jpeg","https://p77-va.tiktokcdn.com/img/tos-useast2a-v-2774/18aec4b648fe4f779838630edd0c574d~c5_200x200.jpeg","https://p77-va.tiktokcdn.com/img/tos-useast2a-v-2774/18aec4b648fe4f779838630edd0c574d~c5_720x720.jpeg",100,"https://p16-sign-va.tiktokcdn.com/obj/tos-maliva-p-0068/ef0d0110cc9d47bf95f1c68725aff92c_1627115433?x-expires=1627714800&x-signature=K6Q7R9epTiECZB25oW%2FsnKh9usE%3D","https://p16-sign-va.tiktokcdn.com/obj/tos-maliva-p-0068/d34c5d8496c940b8b8985ab2bce3a774_1627115431?x-expires=1627714800&x-signature=cbBYHRKGH%2FdDtI6UAqrzfqUNi3s%3D","https://p16-sign-va.tiktokcdn.com/obj/tos-maliva-p-0068/c6c417b702644770abdce850f2bf3dec_1627115431?x-expires=1627714800&x-signature=L8V7aUvhTg2TC%2BMO5EFj7Mn4OYs%3D","https://www.tiktok.com/@juegosolimpicosmx2021/video/6988407524047260934","https://v16-web.tiktok.com/video/tos/useast2a/tos-useast2a-ve-0068c004/fa2731866bad4f56aea6eddc7ab7000e/?a=1988&br=1210&bt=605&cd=0%7C0%7C0&ch=0&cr=0&cs=0&dr=0&ds=3&er=&expire=1627716833&ft=Q9BExEBe_4ka&l=202107310132400101901890423892CCD6&lr=tiktok_m&mime_type=video_mp4&net=0&pl=0&policy=2&qs=0&rc=amg3dzw6ZjV2NjMzNzczM0ApNzZkNzg5NmRkN2c0NDUzO2c1bjBfcjQwc3FgLS1kMTZzc2I2Yy02MjM2XzJjNDEzYjM6Yw%3D%3D&signature=3d45ef9c95683bc9e46c092e4bb55568&tk=tt_webid_v2&vl=&vr=","","",540,628,73,18,1,211,1,false,"[]","[{""id"":""23338864"",""name"":""juegosolimpicos"",""title"":"""",""cover"":""""},{""id"":""1592203280904198"",""name"":""üá≤üáΩ"",""title"":"""",""cover"":""""},{""id"":""65243"",""name"":""parati"",""title"":"""",""cover"":""""}]","[]"
"6988406235322125574","6988406235322125574","Video 7 - Tiro con arco - Mexico vs Gran Breta√±a - Tokio 2020 #juegosolimpicos #üá≤üáΩ #espirituolimpico #parati",1627115130,"6987880834053866502","MS4wLjABAAAAEQmiSVNXXOLbM8PBNn095Mg3o_gdB-XwadXOQoV0YdPHwOie6iz_04_nae1T85sN","juegosolimpicosmx2021","üá≤üáΩ Juegos Ol√≠mpicos MX üá≤üáΩ",false,"Estaremos contigo estos Juegos Ol√≠mpicos report√°ndote los mejores momentos 2021","https://p16-sign-va.tiktokcdn.com/tos-maliva-avt-0068/a1f1ee8d591d236f10f3b691b37fff92~c5_1080x1080.jpeg?x-expires=1627779600&x-signature=fFhuQTBIfXcO%2BB%2BMWcoyfiNmwVU%3D",162,590,1437,33,60,"6988405906564221701","sonido original","üá≤üáΩ Juegos Ol√≠mpicos MX üá≤üáΩ",true,"","https://sf16-ies-music-va.tiktokcdn.com/obj/musically-maliva-obj/6988406121497185029.mp3","https://p16-sign-va.tiktokcdn.com/tos-maliva-avt-0068/a1f1ee8d591d236f10f3b691b37fff92~c5_100x100.jpeg?x-expires=1627779600&x-signature=HZtAI54zPtkv7n2QESfheCteohg%3D","https://p16-sign-va.tiktokcdn.com/tos-maliva-avt-0068/a1f1ee8d591d236f10f3b691b37fff92~c5_720x720.jpeg?x-expires=1627779600&x-signature=y%2BDk%2Fi04v0Xh1yMGtn%2BwkL16GEU%3D","https://p16-sign-va.tiktokcdn.com/tos-maliva-avt-0068/a1f1ee8d591d236f10f3b691b37fff92~c5_1080x1080.jpeg?x-expires=1627779600&x-signature=fFhuQTBIfXcO%2BB%2BMWcoyfiNmwVU%3D",58,"https://p16-sign-va.tiktokcdn.com/obj/tos-maliva-p-0068/152c63ce718043d08e3e5ccf3e3f70bf_1627115131?x-expires=1627714800&x-signature=xlakH9JrJtjXN5l4izVKN%2BQfxtk%3D","https://p16-sign-va.tiktokcdn.com/obj/tos-maliva-p-0068/79cbaa7ddb2141808fd69d5247641118_1627115131?x-expires=1627714800&x-signature=f80Htvo0XSStlSFPkW0yXBSgZRE%3D","https://p16-sign-va.tiktokcdn.com/obj/tos-maliva-p-0068/9ff42e3beb0944bcbcb379631cfbf09b_1627115131?x-expires=1627714800&x-signature=OnCMzBK2de9SLu8%2Ba%2BYJRiyVIqc%3D","https://www.tiktok.com/@juegosolimpicosmx2021/video/6988406235322125574","https://v16-web.tiktok.com/video/tos/useast2a/tos-useast2a-ve-0068c003/af4d06df8c954f478faaa4154fadaa6d/?a=1988&br=708&bt=354&cd=0%7C0%7C0&ch=0&cr=0&cs=0&dr=0&ds=3&er=&expire=1627716818&ft=Q9BExEBe_4ka&l=202107310132400101901890423892CCD6&lr=tiktok_m&mime_type=video_mp4&net=0&pl=0&policy=2&qs=0&rc=amtoeWc6ZnN2NjMzNzczM0ApM2ZnNWY5NjtoN2U5OGg6OGdzbzBkcjRvcHFgLS1kMTZzcy1eXzI1NmMwNjQuX15eMTE6Yw%3D%3D&signature=980876b0cc340207f11b080953e8827f&tk=tt_webid_v2&vl=&vr=","","",564,540,58,12,0,355,0,false,"[]","[{""id"":""23338864"",""name"":""juegosolimpicos"",""title"":"""",""cover"":""""},{""id"":""1592203280904198"",""name"":""üá≤üáΩ"",""title"":"""",""cover"":""""},{""id"":""65243"",""name"":""parati"",""title"":"""",""cover"":""""}]","[]"
"6988405836175478022","6988405836175478022","Video 6 - S√≥ftbol - Mexico vs Usa - Tokio 2020 #juegosolimpicos #üá≤üáΩ #espirituolimpico #parati",1627115037,"6987880834053866502","MS4wLjABAAAAEQmiSVNXXOLbM8PBNn095Mg3o_gdB-XwadXOQoV0YdPHwOie6iz_04_nae1T85sN","juegosolimpicosmx2021","üá≤üáΩ Juegos Ol√≠mpicos MX üá≤üáΩ",false,"Estaremos contigo estos Juegos Ol√≠mpicos report√°ndote los mejores momentos 2021","https://p16-sign-va.tiktokcdn.com/tos-maliva-avt-0068/a1f1ee8d591d236f10f3b691b37fff92~c5_1080x1080.jpeg?x-expires=1627779600&x-signature=fFhuQTBIfXcO%2BB%2BMWcoyfiNmwVU%3D",162,590,1437,33,60,"6783985099059759106","Radio Rota Shot","Official Sound Studio",false,"","https://sf16-ies-music-va.tiktokcdn.com/obj/tos-useast2a-ve-2774/9e4a80653a924508bfb4df37a55b9f75","https://p77-va.tiktokcdn.com/img/tos-useast2a-v-2774/4646f6e4a60a492d85d6a4cc74ac7417~c5_100x100.jpeg","https://p77-va.tiktokcdn.com/img/tos-useast2a-v-2774/4646f6e4a60a492d85d6a4cc74ac7417~c5_200x200.jpeg","https://p77-va.tiktokcdn.com/img/tos-useast2a-v-2774/4646f6e4a60a492d85d6a4cc74ac7417~c5_720x720.jpeg",52,"https://p16-sign-va.tiktokcdn.com/obj/tos-maliva-p-0068/2ffcd10f1dd14250ae035727f4b77480_1627115038?x-expires=1627714800&x-signature=HnkTdvFcrmlFFkS0pb6sbgUk6YE%3D","https://p16-sign-va.tiktokcdn.com/obj/tos-maliva-p-0068/6fa07bd1c8cb42d78632cb1b6a948592_1627115039?x-expires=1627714800&x-signature=kTWk4DRJ%2Ft%2BQ0NrAFwDLXwdO42c%3D","https://p16-sign-va.tiktokcdn.com/obj/tos-maliva-p-0068/27137ddaa57f4b6881e41e1275838d4d_1627115038?x-expires=1627714800&x-signature=UxOKlfFf0hojE%2F7CozGksFPztrE%3D","https://www.tiktok.com/@juegosolimpicosmx2021/video/6988405836175478022","https://v16-web.tiktok.com/video/tos/useast2a/tos-useast2a-ve-0068c003/67c49403b7054feb9c3651ddb0ee0e74/?a=1988&br=434&bt=217&cd=0%7C0%7C0&ch=0&cr=0&cs=0&dr=0&ds=3&er=&expire=1627716823&ft=Q9BExEBe_4ka&l=202107310132400101901890423892CCD6&lr=tiktok_m&mime_type=video_mp4&net=0&pl=0&policy=2&qs=0&rc=amp3bWU6ZjZ2NjMzNzczM0ApOmk1ZGY3NDs1N2dpaGU2NmdocmhkcjRvcHFgLS1kMTZzc14wM2ExNWJeMzNiYC9eLzY6Yw%3D%3D&signature=2fa21825597de19d77568bf9ae0828b8&tk=tt_webid_v2&vl=&vr=","","",562,540,63,14,0,167,0,false,"[]","[{""id"":""23338864"",""name"":""juegosolimpicos"",""title"":"""",""cover"":""""},{""id"":""1592203280904198"",""name"":""üá≤üáΩ"",""title"":"""",""cover"":""""},{""id"":""65243"",""name"":""parati"",""title"":"""",""cover"":""""}]","[]"
"6988400642435943685","6988400642435943685","#juegosolimpicos #üá≤üáΩ #espirituolimpico #parati",1627113828,"6987880834053866502","MS4wLjABAAAAEQmiSVNXXOLbM8PBNn095Mg3o_gdB-XwadXOQoV0YdPHwOie6iz_04_nae1T85sN","juegosolimpicosmx2021","üá≤üáΩ Juegos Ol√≠mpicos MX üá≤üáΩ",false,"Estaremos contigo estos Juegos Ol√≠mpicos report√°ndote los mejores momentos 2021","https://p16-sign-va.tiktokcdn.com/tos-maliva-avt-0068/a1f1ee8d591d236f10f3b691b37fff92~c5_1080x1080.jpeg?x-expires=1627779600&x-signature=fFhuQTBIfXcO%2BB%2BMWcoyfiNmwVU%3D",162,590,1437,33,60,"6471037740938398477","Mi Gente"," J Balvin / Willy William / Beyonc√©",false,"","https://sf16-ies-music-va.tiktokcdn.com/obj/tos-useast2a-ve-2774/42d7173aeb444dfebb50ebfa8e7dfc8e","https://p77-va.tiktokcdn.com/img/tos-useast2a-v-2774/10e1665412dd4a78877cac6395e4194e~c5_100x100.jpeg","https://p77-va.tiktokcdn.com/img/tos-useast2a-v-2774/10e1665412dd4a78877cac6395e4194e~c5_200x200.jpeg","https://p77-va.tiktokcdn.com/img/tos-useast2a-v-2774/10e1665412dd4a78877cac6395e4194e~c5_720x720.jpeg",24,"https://p16-sign-va.tiktokcdn.com/obj/tos-maliva-p-0068/bfa1d826df614c62bdac69159e589e13_1627113829?x-expires=1627714800&x-signature=DfcGxVsBW7Bk7%2BYbwCEZq%2B1sXWs%3D","https://p16-sign-va.tiktokcdn.com/obj/tos-maliva-p-0068/5a0d7a3059434e3cbf5322f9a955ceed_1627113829?x-expires=1627714800&x-signature=BL1C1MOan5accWzUMuUbNv9qmdw%3D","https://p16-sign-va.tiktokcdn.com/obj/tos-maliva-p-0068/9ab8a21e02394b1ebbd429f55d779299_1627113829?x-expires=1627714800&x-signature=IBwi%2BsX%2FVxT4%2F4W7nGDynDYVubk%3D","https://www.tiktok.com/@juegosolimpicosmx2021/video/6988400642435943685","https://v16-web.tiktok.com/video/tos/useast2a/tos-useast2a-ve-0068c001/de06a91b80a346f9999b604a0e7cabb4/?a=1988&br=368&bt=184&cd=0%7C0%7C0&ch=0&cr=0&cs=0&dr=0&ds=3&er=&expire=1627716772&ft=Q9BExEBe_4ka&l=202107310132400101901890423892CCD6&lr=tiktok_m&mime_type=video_mp4&net=0&pl=0&policy=2&qs=0&rc=M28zOTQ6ZnJ2NjMzNzczM0ApaDlmZmk5NWU2N2k6aWZlZmdoYjBhcjRnZnFgLS1kMTZzczNfMjMxYGE2Xi40NTNjNWI6Yw%3D%3D&signature=9fb4ad98e13e2ae3a9109fcf4070c08c&tk=tt_webid_v2&vl=&vr=","","",960,540,12,9,0,190,0,false,"[]","[{""id"":""23338864"",""name"":""juegosolimpicos"",""title"":"""",""cover"":""""},{""id"":""1592203280904198"",""name"":""üá≤üáΩ"",""title"":"""",""cover"":""""},{""id"":""65243"",""name"":""parati"",""title"":"""",""cover"":""""}]","[]"
"6988358638318505221","6988358638318505221","PR√ìXIMOS EVENTOS - Tokio 2020 #juegosolimpicos2020 #mexicoüá≤üáΩ #parati #olimpiadas #espirituolimpico",1627104048,"6987880834053866502","MS4wLjABAAAAEQmiSVNXXOLbM8PBNn095Mg3o_gdB-XwadXOQoV0YdPHwOie6iz_04_nae1T85sN","juegosolimpicosmx2021","üá≤üáΩ Juegos Ol√≠mpicos MX üá≤üáΩ",false,"Estaremos contigo estos Juegos Ol√≠mpicos report√°ndote los mejores momentos 2021","https://p16-sign-va.tiktokcdn.com/tos-maliva-avt-0068/a1f1ee8d591d236f10f3b691b37fff92~c5_1080x1080.jpeg?x-expires=1627779600&x-signature=fFhuQTBIfXcO%2BB%2BMWcoyfiNmwVU%3D",162,590,1437,33,60,"6951550645883111425","Cumbia A La Gente","Guaynaa & Los √Ångeles Azules",false,"Cumbia A La Gente","https://sf16-ies-music-va.tiktokcdn.com/obj/tos-useast2a-ve-2774/b109354758c24bee99a1ed9e920ffcdc","https://p77-va.tiktokcdn.com/img/tos-useast2a-v-2774/6c87f8c8a290454095be1e7bad14e7bd~c5_100x100.jpeg","https://p77-va.tiktokcdn.com/img/tos-useast2a-v-2774/6c87f8c8a290454095be1e7bad14e7bd~c5_200x200.jpeg","https://p77-va.tiktokcdn.com/img/tos-useast2a-v-2774/6c87f8c8a290454095be1e7bad14e7bd~c5_720x720.jpeg",45,"https://p16-sign-va.tiktokcdn.com/obj/tos-maliva-p-0068/c7760e60eb544320be4e3ab38281b2e7_1627104050?x-expires=1627714800&x-signature=0%2FeO6yrJ5EuPi5TnKjwGr0R7bWU%3D","https://p16-sign-va.tiktokcdn.com/obj/tos-maliva-p-0068/0a87138ea56243d790ead76c704ef544_1627104049?x-expires=1627714800&x-signature=1TSW83sra2MPFn3KEA7Yao2fVzU%3D","https://p16-sign-va.tiktokcdn.com/obj/tos-maliva-p-0068/156c0ab871a1453096cc878df2023598_1627104049?x-expires=1627714800&x-signature=KP7FyRYmImbwN4m0GnP3sGK%2BLbk%3D","https://www.tiktok.com/@juegosolimpicosmx2021/video/6988358638318505221","https://v16-web.tiktok.com/video/tos/useast2a/tos-useast2a-ve-0068c002/78beef4929794f46a57731a30f927c94/?a=1988&br=246&bt=123&cd=0%7C0%7C0&ch=0&cr=0&cs=0&dr=0&ds=3&er=&expire=1627716780&ft=Q9BExEBe_4ka&l=202107310132400101901890423892CCD6&lr=tiktok_m&mime_type=video_mp4&net=0&pl=0&policy=2&qs=0&rc=MzRtbTk6ZmR0NjMzNzczM0ApaTY3O2U4OWRlNzY5ODs2aWdoXi4ucjQwM3FgLS1kMTZzc2M2YDAzY18uYDBjXzMxNi06Yw%3D%3D&signature=b5491b1c707eace72f802e41b03dd953&tk=tt_webid_v2&vl=&vr=","","",542,540,20,13,0,214,1,false,"[]","[{""id"":""1656103690216469"",""name"":""juegosolimpicos2020"",""title"":"""",""cover"":""""},{""id"":""1592203205856262"",""name"":""mexicoüá≤üáΩ"",""title"":"""",""cover"":""""},{""id"":""65243"",""name"":""parati"",""title"":"""",""cover"":""""},{""id"":""83038655"",""name"":""olimpiadas"",""title"":"""",""cover"":""""}]","[]"
"6988307655378996485","6988307655378996485","VIDEO 5 - Tiro con arco - Tokio 2020 üá≤üáΩ#juegosolimpicos2020 #mexicoüá≤üáΩ #parati #olimpiadas #espirituolimpico",1627092174,"6987880834053866502","MS4wLjABAAAAEQmiSVNXXOLbM8PBNn095Mg3o_gdB-XwadXOQoV0YdPHwOie6iz_04_nae1T85sN","juegosolimpicosmx2021","üá≤üáΩ Juegos Ol√≠mpicos MX üá≤üáΩ",false,"Estaremos contigo estos Juegos Ol√≠mpicos report√°ndote los mejores momentos 2021","https://p16-sign-va.tiktokcdn.com/tos-maliva-avt-0068/a1f1ee8d591d236f10f3b691b37fff92~c5_1080x1080.jpeg?x-expires=1627779600&x-signature=fFhuQTBIfXcO%2BB%2BMWcoyfiNmwVU%3D",162,590,1437,33,60,"6730560466873125646","All Around the World(La La La)","R3hab / A Touch of Class",false,"","https://sf16-ies-music-va.tiktokcdn.com/obj/tos-useast2a-ve-2774/85837c4949f34e1889e1d473d81cd50c","https://p77-va.tiktokcdn.com/img/tos-useast2a-v-2774/03a012031d6745ed94413dde7b9abb82~c5_100x100.jpeg","https://p77-va.tiktokcdn.com/img/tos-useast2a-v-2774/03a012031d6745ed94413dde7b9abb82~c5_200x200.jpeg","https://p77-va.tiktokcdn.com/img/tos-useast2a-v-2774/03a012031d6745ed94413dde7b9abb82~c5_720x720.jpeg",147,"https://p16-sign-va.tiktokcdn.com/obj/tos-maliva-p-0068/17e138cf933445e689b476acf41b7b1a_1627092184?x-expires=1627714800&x-signature=66Gxlk%2FYMMvvPX6k529gV%2F0uQPA%3D","https://p16-sign-va.tiktokcdn.com/obj/tos-maliva-p-0068/703c0d09c0c94d4eb2248641077e4845_1627092175?x-expires=1627714800&x-signature=eqZ%2BlhsxN%2FenJIfFqQYbJpkLWJ4%3D","https://p16-sign-va.tiktokcdn.com/obj/tos-maliva-p-0068/9d3bf3c3197e43c48a151aec54c9a07e_1627092175?x-expires=1627714800&x-signature=xrIlK40nD%2Bh39xffHlZYIJlDctE%3D","https://www.tiktok.com/@juegosolimpicosmx2021/video/6988307655378996485","https://v16-web.tiktok.com/video/tos/useast2a/tos-useast2a-ve-0068c003/4b782a4c56ee488a9a46cc31135b7481/?a=1988&br=546&bt=273&cd=0%7C0%7C0&ch=0&cr=0&cs=0&dr=0&ds=3&er=&expire=1627716841&ft=Q9BExEBe_4ka&l=202107310132400101901890423892CCD6&lr=tiktok_m&mime_type=video_mp4&net=0&pl=0&policy=2&qs=0&rc=MzNwODQ6ZmhxNjMzNzczM0ApNGZlNztnNWVnNzY1OTpkNmdgYGZscjRfNnFgLS1kMTZzc19iYV41Xy0tNDFfYGJiYTQ6Yw%3D%3D&signature=737723f3579a114b8321bdba3424d196&tk=tt_webid_v2&vl=&vr=","","",562,540,81,26,0,541,0,false,"[]","[{""id"":""1656103690216469"",""name"":""juegosolimpicos2020"",""title"":"""",""cover"":""""},{""id"":""1592203205856262"",""name"":""mexicoüá≤üáΩ"",""title"":"""",""cover"":""""},{""id"":""65243"",""name"":""parati"",""title"":"""",""cover"":""""},{""id"":""83038655"",""name"":""olimpiadas"",""title"":"""",""cover"":""""}]","[]"
"6988288156328135941","6988288156328135941","Los mexicanos que compiten hoy #juegosolimpicos2020 #mexicoüá≤üáΩ #parati #olimpiadas #espirituolimpico",1627087633,"6987880834053866502","MS4wLjABAAAAEQmiSVNXXOLbM8PBNn095Mg3o_gdB-XwadXOQoV0YdPHwOie6iz_04_nae1T85sN","juegosolimpicosmx2021","üá≤üáΩ Juegos Ol√≠mpicos MX üá≤üáΩ",false,"Estaremos contigo estos Juegos Ol√≠mpicos report√°ndote los mejores momentos 2021","https://p16-sign-va.tiktokcdn.com/tos-maliva-avt-0068/a1f1ee8d591d236f10f3b691b37fff92~c5_1080x1080.jpeg?x-expires=1627779600&x-signature=fFhuQTBIfXcO%2BB%2BMWcoyfiNmwVU%3D",162,590,1437,33,60,"6988287997280078597","sonido original","üá≤üáΩ Juegos Ol√≠mpicos MX üá≤üáΩ",true,"","https://sf16-ies-music-va.tiktokcdn.com/obj/musically-maliva-obj/6988288096190106374.mp3","https://p16-sign-va.tiktokcdn.com/tos-maliva-avt-0068/a1f1ee8d591d236f10f3b691b37fff92~c5_100x100.jpeg?x-expires=1627779600&x-signature=HZtAI54zPtkv7n2QESfheCteohg%3D","https://p16-sign-va.tiktokcdn.com/tos-maliva-avt-0068/a1f1ee8d591d236f10f3b691b37fff92~c5_720x720.jpeg?x-expires=1627779600&x-signature=y%2BDk%2Fi04v0Xh1yMGtn%2BwkL16GEU%3D","https://p16-sign-va.tiktokcdn.com/tos-maliva-avt-0068/a1f1ee8d591d236f10f3b691b37fff92~c5_1080x1080.jpeg?x-expires=1627779600&x-signature=fFhuQTBIfXcO%2BB%2BMWcoyfiNmwVU%3D",20,"https://p16-sign-va.tiktokcdn.com/obj/tos-maliva-p-0068/3f5cd2362d584b0fbdba8f0738e1092d_1627087635?x-expires=1627714800&x-signature=BDh2DGcjzNzxssrkEIHsD2Oqo28%3D","https://p16-sign-va.tiktokcdn.com/obj/tos-maliva-p-0068/79d833a940b7475f818bc4d12e0dc50d_1627087635?x-expires=1627714800&x-signature=xI00CzWIRhbFIYwGa86HpTIdLMw%3D","https://p16-sign-va.tiktokcdn.com/obj/tos-maliva-p-0068/bc6572f41cca454cb53c0ce778687cc1_1627087635?x-expires=1627714800&x-signature=lTRJt6AfstrTtXOjSO7jzozKaVo%3D","https://www.tiktok.com/@juegosolimpicosmx2021/video/6988288156328135941","https://v16-web.tiktok.com/video/tos/useast2a/tos-useast2a-ve-0068c004/1020fff694ad47c28c934001b1e49fdc/?a=1988&br=268&bt=134&cd=0%7C0%7C0&ch=0&cr=0&cs=0&dr=0&ds=3&er=&expire=1627716780&ft=Q9BExEBe_4ka&l=202107310132400101901890423892CCD6&lr=tiktok_m&mime_type=video_mp4&net=0&pl=0&policy=2&qs=0&rc=M2wzcmc6ZjVwNjMzNzczM0ApOjxnNWg5Njw2N2U0PGRnZ2dnNTU0cjQwM3FgLS1kMTZzczBjLS5iNDFhMmIzMTQzMGE6Yw%3D%3D&signature=b34e4837ea45852e35a3decac1332f18&tk=tt_webid_v2&vl=&vr=","","",572,540,20,37,0,366,0,false,"[]","[{""id"":""1656103690216469"",""name"":""juegosolimpicos2020"",""title"":"""",""cover"":""""},{""id"":""1592203205856262"",""name"":""mexicoüá≤üáΩ"",""title"":"""",""cover"":""""},{""id"":""65243"",""name"":""parati"",""title"":"""",""cover"":""""},{""id"":""83038655"",""name"":""olimpiadas"",""title"":"""",""cover"":""""}]","[]"
"6988251537755606278","6988251537755606278","¬°Ay√∫danos a etiquetar a rommel con el poder de estos fans! @rommel_pacheco  #juegosolimpicos2020 #parati #mexicoüá≤üáΩ #olimpiadas",1627079107,"6987880834053866502","MS4wLjABAAAAEQmiSVNXXOLbM8PBNn095Mg3o_gdB-XwadXOQoV0YdPHwOie6iz_04_nae1T85sN","juegosolimpicosmx2021","üá≤üáΩ Juegos Ol√≠mpicos MX üá≤üáΩ",false,"Estaremos contigo estos Juegos Ol√≠mpicos report√°ndote los mejores momentos 2021","https://p16-sign-va.tiktokcdn.com/tos-maliva-avt-0068/a1f1ee8d591d236f10f3b691b37fff92~c5_1080x1080.jpeg?x-expires=1627779600&x-signature=fFhuQTBIfXcO%2BB%2BMWcoyfiNmwVU%3D",162,590,1437,33,60,"225132786037272576","M√©xico En La Piel","Luis Miguel",false,"Mexico en la Piel (edicion diamante)","https://sf16-ies-music-va.tiktokcdn.com/obj/tos-useast2a-ve-2774/96bdf57d75b44be780e87c4a0545181a","https://p77-va.tiktokcdn.com/img/tos-useast2a-v-2774/7a52af9a818c4b068b9f630c518e7bdd~c5_100x100.jpeg","https://p77-va.tiktokcdn.com/img/tos-useast2a-v-2774/7a52af9a818c4b068b9f630c518e7bdd~c5_200x200.jpeg","https://p77-va.tiktokcdn.com/img/tos-useast2a-v-2774/7a52af9a818c4b068b9f630c518e7bdd~c5_720x720.jpeg",30,"https://p16-sign-va.tiktokcdn.com/obj/tos-maliva-p-0068/6c76a4b3347c438c88c3d0aec3660e45_1627079108?x-expires=1627714800&x-signature=U6HbHwHPx4EmiKEzMq0Nbqof4hE%3D","https://p16-sign-va.tiktokcdn.com/obj/tos-maliva-p-0068/fa670b7adb7a44c4922b692678231bcc_1627079108?x-expires=1627714800&x-signature=4esE0sCLIYoX8zr89qPDM3A6ApE%3D","https://p16-sign-va.tiktokcdn.com/obj/tos-maliva-p-0068/ef3001ebb9c24355ab5d4a16a274f887_1627079108?x-expires=1627714800&x-signature=6AHU8Uczkbway90bAPK184hiARI%3D","https://www.tiktok.com/@juegosolimpicosmx2021/video/6988251537755606278","https://v16-web.tiktok.com/video/tos/useast2a/tos-useast2a-pve-0068/fab27493e3f24fabaa70568a7d58ee23/?a=1988&br=376&bt=188&cd=0%7C0%7C0&ch=0&cr=0&cs=0&dr=0&ds=3&er=&expire=1627716770&ft=Q9BExEBe_4ka&l=202107310132400101901890423892CCD6&lr=tiktok_m&mime_type=video_mp4&net=0&pl=0&policy=2&qs=0&rc=M2Y4ZmQ6ZmpuNjMzNzczM0ApOjozOTk5OmU6Nzc0ZDtkOGdlamhucjQwMHFgLS1kMTZzczExMDMzYjAyYC0wL2NeNmA6Yw%3D%3D&signature=76bc8a7c7bf53459c4ae3e3a9eec4441&tk=tt_webid_v2&vl=&vr=","","",960,540,10,56,0,359,10,false,"[""@rommel_pacheco""]","[{""id"":""1656103690216469"",""name"":""juegosolimpicos2020"",""title"":"""",""cover"":""""},{""id"":""65243"",""name"":""parati"",""title"":"""",""cover"":""""},{""id"":""1592203205856262"",""name"":""mexicoüá≤üáΩ"",""title"":"""",""cover"":""""},{""id"":""83038655"",""name"":""olimpiadas"",""title"":"""",""cover"":""""}]","[]"
"6988250460255751430","6988250460255751430","Nueva secci√≥n: Mientras tanto los atletas‚Ä¶ üá≤üáΩ #juegosolimpicos2020 #parati #mexicoüá≤üáΩ #olimpiadas #",1627078856,"6987880834053866502","MS4wLjABAAAAEQmiSVNXXOLbM8PBNn095Mg3o_gdB-XwadXOQoV0YdPHwOie6iz_04_nae1T85sN","juegosolimpicosmx2021","üá≤üáΩ Juegos Ol√≠mpicos MX üá≤üáΩ",false,"Estaremos contigo estos Juegos Ol√≠mpicos report√°ndote los mejores momentos 2021","https://p16-sign-va.tiktokcdn.com/tos-maliva-avt-0068/a1f1ee8d591d236f10f3b691b37fff92~c5_1080x1080.jpeg?x-expires=1627779600&x-signature=fFhuQTBIfXcO%2BB%2BMWcoyfiNmwVU%3D",162,590,1437,33,60,"6741017428655884290","Fake","The Tech Thieves",false,"Fake","https://sf16-ies-music-va.tiktokcdn.com/obj/tos-useast2a-ve-2774/8602ed0e5b264a33a38e02bb23c26f19","https://p77-va.tiktokcdn.com/img/tos-useast2a-v-2774/5ce06e578b574d5ab38f9d9d25eef29f~c5_100x100.jpeg","https://p77-va.tiktokcdn.com/img/tos-useast2a-v-2774/5ce06e578b574d5ab38f9d9d25eef29f~c5_200x200.jpeg","https://p77-va.tiktokcdn.com/img/tos-useast2a-v-2774/5ce06e578b574d5ab38f9d9d25eef29f~c5_720x720.jpeg",60,"https://p16-sign-va.tiktokcdn.com/obj/tos-maliva-p-0068/e569673fec53410296f9ad143690207a?x-expires=1627714800&x-signature=CXPGD5QrwWZHBy9yNLC4TMokTEE%3D","https://p16-sign-va.tiktokcdn.com/obj/tos-maliva-p-0068/c735876610a84a4f8c6808a88d685091_1627078858?x-expires=1627714800&x-signature=9aIzPcG0t1wltVU%2BLYasKPUq7wU%3D","https://p16-sign-va.tiktokcdn.com/obj/tos-maliva-p-0068/969d6e9cfaf54586a1238e54dab4ac11_1627078857?x-expires=1627714800&x-signature=oDKN3SRhXeGtE2h9r125xM1wdhA%3D","https://www.tiktok.com/@juegosolimpicosmx2021/video/6988250460255751430","https://v16-web.tiktok.com/video/tos/useast2a/tos-useast2a-ve-0068c003/ef223893ffc446fcbac23372369b140f/?a=1988&br=942&bt=471&cd=0%7C0%7C0&ch=0&cr=0&cs=0&dr=0&ds=3&er=&expire=1627716779&ft=Q9BExEBe_4ka&l=202107310132400101901890423892CCD6&lr=tiktok_m&mime_type=video_mp4&net=0&pl=0&policy=2&qs=0&rc=MzgzOGY6ZmpuNjMzNzczM0ApZmg4Ozo5aWU1NzQzaWQ4M2drYS4wcjRfLnFgLS1kMTZzcy5hNTUyLjBeLjMtY2IvXzM6Yw%3D%3D&signature=7a8f7132f988d58712c2f2a3d8d1f8bc&tk=tt_webid_v2&vl=&vr=","","",960,540,19,60,0,469,1,false,"[]","[{""id"":""1656103690216469"",""name"":""juegosolimpicos2020"",""title"":"""",""cover"":""""},{""id"":""65243"",""name"":""parati"",""title"":"""",""cover"":""""},{""id"":""1592203205856262"",""name"":""mexicoüá≤üáΩ"",""title"":"""",""cover"":""""},{""id"":""83038655"",""name"":""olimpiadas"",""title"":"""",""cover"":""""}]","[]"
"6988238269813116165","6988238269813116165","Intro Tokio 2020 #juegosolimpicos2020 #parati #mexicoüá≤üáΩ #olimpiadas",1627076017,"6987880834053866502","MS4wLjABAAAAEQmiSVNXXOLbM8PBNn095Mg3o_gdB-XwadXOQoV0YdPHwOie6iz_04_nae1T85sN","juegosolimpicosmx2021","üá≤üáΩ Juegos Ol√≠mpicos MX üá≤üáΩ",false,"Estaremos contigo estos Juegos Ol√≠mpicos report√°ndote los mejores momentos 2021","https://p16-sign-va.tiktokcdn.com/tos-maliva-avt-0068/a1f1ee8d591d236f10f3b691b37fff92~c5_1080x1080.jpeg?x-expires=1627779600&x-signature=fFhuQTBIfXcO%2BB%2BMWcoyfiNmwVU%3D",162,590,1437,33,60,"6988238166289500933","sonido original","üá≤üáΩ Juegos Ol√≠mpicos MX üá≤üáΩ",true,"","https://sf16-ies-music-va.tiktokcdn.com/obj/musically-maliva-obj/6988238216822377222.mp3","https://p16-sign-va.tiktokcdn.com/tos-maliva-avt-0068/a1f1ee8d591d236f10f3b691b37fff92~c5_100x100.jpeg?x-expires=1627779600&x-signature=HZtAI54zPtkv7n2QESfheCteohg%3D","https://p16-sign-va.tiktokcdn.com/tos-maliva-avt-0068/a1f1ee8d591d236f10f3b691b37fff92~c5_720x720.jpeg?x-expires=1627779600&x-signature=y%2BDk%2Fi04v0Xh1yMGtn%2BwkL16GEU%3D","https://p16-sign-va.tiktokcdn.com/tos-maliva-avt-0068/a1f1ee8d591d236f10f3b691b37fff92~c5_1080x1080.jpeg?x-expires=1627779600&x-signature=fFhuQTBIfXcO%2BB%2BMWcoyfiNmwVU%3D",31,"https://p16-sign-va.tiktokcdn.com/obj/tos-maliva-p-0068/97713570da624eeeb68e2191dd331554_1627076023?x-expires=1627714800&x-signature=3xyMKFWnkeTZP2POadUt%2Bq1NxJ8%3D","https://p16-sign-va.tiktokcdn.com/obj/tos-maliva-p-0068/dbf75354734f45f8b228999798fae66e_1627076019?x-expires=1627714800&x-signature=BmX%2FAFBRm%2BIUCyQ7jyO0lqOFA5w%3D","https://p16-sign-va.tiktokcdn.com/obj/tos-maliva-p-0068/d4dd70af63084a25b6f03b51784d9153_1627076019?x-expires=1627714800&x-signature=ISpaEuApXzfZ8occLTcS%2BRka3e4%3D","https://www.tiktok.com/@juegosolimpicosmx2021/video/6988238269813116165","https://v16-web.tiktok.com/video/tos/useast2a/tos-useast2a-pve-0068/4eca0ee899374ef5918190d3b9b65c18/?a=1988&br=2442&bt=1221&cd=0%7C0%7C0&ch=0&cr=0&cs=0&dr=0&ds=3&er=&expire=1627716791&ft=Q9BExEBe_4ka&l=202107310132400101901890423892CCD6&lr=tiktok_m&mime_type=video_mp4&net=0&pl=0&policy=2&qs=0&rc=M3ltNGY6ZjltNjMzNzczM0ApZDQ1ZjtoNWQ4Nzw1O2hkZGdwZW1ocjRfX3FgLS1kMTZzczZgNTJgYDA0Yi9eYzMtMWE6Yw%3D%3D&signature=c058bbcdbd6aa172558a826a22a14b8c&tk=tt_webid_v2&vl=&vr=","","",586,540,31,10,0,133,0,false,"[]","[{""id"":""1656103690216469"",""name"":""juegosolimpicos2020"",""title"":"""",""cover"":""""},{""id"":""65243"",""name"":""parati"",""title"":"""",""cover"":""""},{""id"":""1592203205856262"",""name"":""mexicoüá≤üáΩ"",""title"":"""",""cover"":""""},{""id"":""83038655"",""name"":""olimpiadas"",""title"":"""",""cover"":""""}]","[]"
"6988235337348730117","6988235337348730117","¬°PREPARA TUS BOTANAS QUE EST√Å TARDE SE VER√ÅN ESTAS DISCIPLINAS! #juegosolimpicos2020 #parati #mexicoüá≤üáΩ #olimpiadas üö®ES HORA DE LOS √ÅNGELES üö®",1627075334,"6987880834053866502","MS4wLjABAAAAEQmiSVNXXOLbM8PBNn095Mg3o_gdB-XwadXOQoV0YdPHwOie6iz_04_nae1T85sN","juegosolimpicosmx2021","üá≤üáΩ Juegos Ol√≠mpicos MX üá≤üáΩ",false,"Estaremos contigo estos Juegos Ol√≠mpicos report√°ndote los mejores momentos 2021","https://p16-sign-va.tiktokcdn.com/tos-maliva-avt-0068/a1f1ee8d591d236f10f3b691b37fff92~c5_1080x1080.jpeg?x-expires=1627779600&x-signature=fFhuQTBIfXcO%2BB%2BMWcoyfiNmwVU%3D",162,590,1437,33,60,"6788784989656926981","Banana (feat. Shaggy) [DJ FLe - Minisiren Remix]","Conkarah",false,"Banana (feat. Shaggy) [DJ FLe - Minisiren Remix]","https://sf16-ies-music-va.tiktokcdn.com/obj/tos-useast2a-ve-2774/f8bdb47a5e734d45bf680a65ece96211","https://p77-va.tiktokcdn.com/img/tos-useast2a-v-2774/2304a3922cea4477b5bab8295ef14cd1~c5_100x100.jpeg","https://p77-va.tiktokcdn.com/img/tos-useast2a-v-2774/2304a3922cea4477b5bab8295ef14cd1~c5_200x200.jpeg","https://p77-va.tiktokcdn.com/img/tos-useast2a-v-2774/2304a3922cea4477b5bab8295ef14cd1~c5_720x720.jpeg",22,"https://p16-sign-va.tiktokcdn.com/obj/tos-maliva-p-0068/1dabd73066874873ba14c0e1e77cb7e8_1627075336?x-expires=1627714800&x-signature=iYDX0PgfryivKtaUEnpeQCDMv5s%3D","https://p16-sign-va.tiktokcdn.com/obj/tos-maliva-p-0068/96b51421ed4f4e92b2125114978531f2_1627075336?x-expires=1627714800&x-signature=kSTqOMdOEwcjApQuF%2FAJZUcvTsU%3D","https://p16-sign-va.tiktokcdn.com/obj/tos-maliva-p-0068/b10a6e42cf394bf49e1081334740a7c9_1627075336?x-expires=1627714800&x-signature=5L3qk9%2Bw2R6ZSLHWWIaImwDOCdM%3D","https://www.tiktok.com/@juegosolimpicosmx2021/video/6988235337348730117","https://v16-web.tiktok.com/video/tos/useast2a/tos-useast2a-ve-0068c001/7181fd61b6254154b8ebc831347efc01/?a=1988&br=278&bt=139&cd=0%7C0%7C0&ch=0&cr=0&cs=0&dr=0&ds=3&er=&expire=1627716782&ft=Q9BExEBe_4ka&l=202107310132400101901890423892CCD6&lr=tiktok_m&mime_type=video_mp4&net=0&pl=0&policy=2&qs=0&rc=ajNyamY6ZjNtNjMzNzczM0ApOTY5NjVpNWU3N2U8M2g2NmdqcmhncjRfM3FgLS1kMTZzczYuMmNfYy0vNmM2XjYuMi06Yw%3D%3D&signature=660ef4567dd356228973d1788ae171d7&tk=tt_webid_v2&vl=&vr=","","",574,540,22,36,1,466,0,false,"[]","[{""id"":""1656103690216469"",""name"":""juegosolimpicos2020"",""title"":"""",""cover"":""""},{""id"":""65243"",""name"":""parati"",""title"":"""",""cover"":""""},{""id"":""1592203205856262"",""name"":""mexicoüá≤üáΩ"",""title"":"""",""cover"":""""},{""id"":""83038655"",""name"":""olimpiadas"",""title"":"""",""cover"":""""}]","[]"
"6988220726818000134","6988220726818000134","#juegosolimpicos2020 #parati #mexicoüá≤üáΩ #olimpiadas",1627071933,"6987880834053866502","MS4wLjABAAAAEQmiSVNXXOLbM8PBNn095Mg3o_gdB-XwadXOQoV0YdPHwOie6iz_04_nae1T85sN","juegosolimpicosmx2021","üá≤üáΩ Juegos Ol√≠mpicos MX üá≤üáΩ",false,"Estaremos contigo estos Juegos Ol√≠mpicos report√°ndote los mejores momentos 2021","https://p16-sign-va.tiktokcdn.com/tos-maliva-avt-0068/a1f1ee8d591d236f10f3b691b37fff92~c5_1080x1080.jpeg?x-expires=1627779600&x-signature=fFhuQTBIfXcO%2BB%2BMWcoyfiNmwVU%3D",162,590,1437,33,60,"6988220654168443653","sonido original","üá≤üáΩ Juegos Ol√≠mpicos MX üá≤üáΩ",true,"","https://sf16-ies-music-va.tiktokcdn.com/obj/musically-maliva-obj/6988220730353699590.mp3","https://p16-sign-va.tiktokcdn.com/tos-maliva-avt-0068/a1f1ee8d591d236f10f3b691b37fff92~c5_100x100.jpeg?x-expires=1627779600&x-signature=HZtAI54zPtkv7n2QESfheCteohg%3D","https://p16-sign-va.tiktokcdn.com/tos-maliva-avt-0068/a1f1ee8d591d236f10f3b691b37fff92~c5_720x720.jpeg?x-expires=1627779600&x-signature=y%2BDk%2Fi04v0Xh1yMGtn%2BwkL16GEU%3D","https://p16-sign-va.tiktokcdn.com/tos-maliva-avt-0068/a1f1ee8d591d236f10f3b691b37fff92~c5_1080x1080.jpeg?x-expires=1627779600&x-signature=fFhuQTBIfXcO%2BB%2BMWcoyfiNmwVU%3D",7,"https://p16-sign-va.tiktokcdn.com/obj/tos-maliva-p-0068/92f26d43f3a84e348ceab6c0de460b72_1627071937?x-expires=1627714800&x-signature=bm1LB5qBRJa3YRvKgGFy%2Bz5xyCE%3D","https://p16-sign-va.tiktokcdn.com/obj/tos-maliva-p-0068/ac9e180f04e24d34855d57ea29b7d217_1627071934?x-expires=1627714800&x-signature=lQ1cF0QjbD3Z5XMTSbs2Cn8tLZU%3D","https://p16-sign-va.tiktokcdn.com/obj/tos-maliva-p-0068/01c33a2741b941c5bcacfd70e6c32696_1627071936?x-expires=1627714800&x-signature=pT%2BtoY4CXHK%2FIARTpDvkP39mYYU%3D","https://www.tiktok.com/@juegosolimpicosmx2021/video/6988220726818000134","https://v16-web.tiktok.com/video/tos/useast2a/tos-useast2a-ve-0068c004/2203d7c3b8e04995bd22fb651ff865cc/?a=1988&br=478&bt=239&cd=0%7C0%7C0&ch=0&cr=0&cs=0&dr=0&ds=3&er=&expire=1627716768&ft=Q9BExEBe_4ka&l=202107310132400101901890423892CCD6&lr=tiktok_m&mime_type=video_mp4&net=0&pl=0&policy=2&qs=0&rc=am88cmk6ZmhsNjMzNzczM0ApNzk0NTc8aGUzNzppMzU2aGczNS9ucjRvX3FgLS1kMTZzczU0YGFeLWAuLTU0MTEuMzQ6Yw%3D%3D&signature=4bb505dd61f8152236b32dcda6f05afe&tk=tt_webid_v2&vl=&vr=","","",1024,576,8,59,0,454,0,false,"[]","[{""id"":""1656103690216469"",""name"":""juegosolimpicos2020"",""title"":"""",""cover"":""""},{""id"":""65243"",""name"":""parati"",""title"":"""",""cover"":""""},{""id"":""1592203205856262"",""name"":""mexicoüá≤üáΩ"",""title"":"""",""cover"":""""},{""id"":""83038655"",""name"":""olimpiadas"",""title"":"""",""cover"":""""}]","[]"
"6988184944216411397","6988184944216411397","Video 4 - Encendida de pebetero ol√≠mpico - Tokio 2020 #juegosolimpicos2020 #parati #mexicoüá≤üáΩ #olimpiadas",1627063601,"6987880834053866502","MS4wLjABAAAAEQmiSVNXXOLbM8PBNn095Mg3o_gdB-XwadXOQoV0YdPHwOie6iz_04_nae1T85sN","juegosolimpicosmx2021","üá≤üáΩ Juegos Ol√≠mpicos MX üá≤üáΩ",false,"Estaremos contigo estos Juegos Ol√≠mpicos report√°ndote los mejores momentos 2021","https://p16-sign-va.tiktokcdn.com/tos-maliva-avt-0068/a1f1ee8d591d236f10f3b691b37fff92~c5_1080x1080.jpeg?x-expires=1627779600&x-signature=fFhuQTBIfXcO%2BB%2BMWcoyfiNmwVU%3D",162,590,1437,33,60,"6988184870992677638","sonido original","üá≤üáΩ Juegos Ol√≠mpicos MX üá≤üáΩ",true,"","https://sf16-ies-music-va.tiktokcdn.com/obj/musically-maliva-obj/6988184983009528582.mp3","https://p16-sign-va.tiktokcdn.com/tos-maliva-avt-0068/a1f1ee8d591d236f10f3b691b37fff92~c5_100x100.jpeg?x-expires=1627779600&x-signature=HZtAI54zPtkv7n2QESfheCteohg%3D","https://p16-sign-va.tiktokcdn.com/tos-maliva-avt-0068/a1f1ee8d591d236f10f3b691b37fff92~c5_720x720.jpeg?x-expires=1627779600&x-signature=y%2BDk%2Fi04v0Xh1yMGtn%2BwkL16GEU%3D","https://p16-sign-va.tiktokcdn.com/tos-maliva-avt-0068/a1f1ee8d591d236f10f3b691b37fff92~c5_1080x1080.jpeg?x-expires=1627779600&x-signature=fFhuQTBIfXcO%2BB%2BMWcoyfiNmwVU%3D",115,"https://p16-sign-va.tiktokcdn.com/obj/tos-maliva-p-0068/9186d05d2aaa4ef8b943cea8c6dde90a_1627063605?x-expires=1627714800&x-signature=TnEWRPKoDtKqyqf6GcSI92PJ4fA%3D","https://p16-sign-va.tiktokcdn.com/obj/tos-maliva-p-0068/8958f908fd2c4630b0db7099e886c3e7_1627063602?x-expires=1627714800&x-signature=PHsLSYFJFUdazUJP%2BDuZPFX2iPE%3D","https://p16-sign-va.tiktokcdn.com/obj/tos-maliva-p-0068/8242a699202d4b0c847794bc07fae0ae_1627063603?x-expires=1627714800&x-signature=c13Gvtc%2FHcIMDI9AHT%2BWAIGHPgY%3D","https://www.tiktok.com/@juegosolimpicosmx2021/video/6988184944216411397","https://v16-web.tiktok.com/video/tos/useast2a/tos-useast2a-ve-0068c001/4296c876037a43408dfc5981ac3f7f0a/?a=1988&br=522&bt=261&cd=0%7C0%7C0&ch=0&cr=0&cs=0&dr=0&ds=3&er=&expire=1627716875&ft=Q9BExEBe_4ka&l=202107310132400101901890423892CCD6&lr=tiktok_m&mime_type=video_mp4&net=0&pl=0&policy=2&qs=0&rc=M3lwPDU6ZjhqNjMzNzczM0ApZ2U2Ozk0Mzs3N2lnNzlpPGdoLmBzcjRvXnFgLS1kMTZzcy4xYS1gNWFfLi4vNGM2XzQ6Yw%3D%3D&signature=e398308fa20465b7dd5991f8a3a3f498&tk=tt_webid_v2&vl=&vr=","","",720,540,115,22,1,167,0,false,"[]","[{""id"":""1656103690216469"",""name"":""juegosolimpicos2020"",""title"":"""",""cover"":""""},{""id"":""65243"",""name"":""parati"",""title"":"""",""cover"":""""},{""id"":""1592203205856262"",""name"":""mexicoüá≤üáΩ"",""title"":"""",""cover"":""""},{""id"":""83038655"",""name"":""olimpiadas"",""title"":"""",""cover"":""""}]","[]"
"6988183744855198982","6988183744855198982","Video 3 - Ceremonia de inauguraci√≥n ol√≠mpica pt 2 - JuegosolimpicosMX #juegosolimpicos2020 #parati #mexicoüá≤üáΩ #olimpiadas",1627063322,"6987880834053866502","MS4wLjABAAAAEQmiSVNXXOLbM8PBNn095Mg3o_gdB-XwadXOQoV0YdPHwOie6iz_04_nae1T85sN","juegosolimpicosmx2021","üá≤üáΩ Juegos Ol√≠mpicos MX üá≤üáΩ",false,"Estaremos contigo estos Juegos Ol√≠mpicos report√°ndote los mejores momentos 2021","https://p16-sign-va.tiktokcdn.com/tos-maliva-avt-0068/a1f1ee8d591d236f10f3b691b37fff92~c5_1080x1080.jpeg?x-expires=1627779600&x-signature=fFhuQTBIfXcO%2BB%2BMWcoyfiNmwVU%3D",162,590,1437,33,60,"6988183641016814341","sonido original","üá≤üáΩ Juegos Ol√≠mpicos MX üá≤üáΩ",true,"","https://sf16-ies-music-va.tiktokcdn.com/obj/musically-maliva-obj/6988183717688658693.mp3","https://p16-sign-va.tiktokcdn.com/tos-maliva-avt-0068/a1f1ee8d591d236f10f3b691b37fff92~c5_100x100.jpeg?x-expires=1627779600&x-signature=HZtAI54zPtkv7n2QESfheCteohg%3D","https://p16-sign-va.tiktokcdn.com/tos-maliva-avt-0068/a1f1ee8d591d236f10f3b691b37fff92~c5_720x720.jpeg?x-expires=1627779600&x-signature=y%2BDk%2Fi04v0Xh1yMGtn%2BwkL16GEU%3D","https://p16-sign-va.tiktokcdn.com/tos-maliva-avt-0068/a1f1ee8d591d236f10f3b691b37fff92~c5_1080x1080.jpeg?x-expires=1627779600&x-signature=fFhuQTBIfXcO%2BB%2BMWcoyfiNmwVU%3D",82,"https://p16-sign-va.tiktokcdn.com/obj/tos-maliva-p-0068/3ebf60e741134a34897606f84c8f07bc_1627063325?x-expires=1627714800&x-signature=KiL5qokwQWOM4SVXiLkSPPzD9TQ%3D","https://p16-sign-va.tiktokcdn.com/obj/tos-maliva-p-0068/3e17598a6b814c4f8eee680c53295c59_1627063324?x-expires=1627714800&x-signature=Jf%2BvJMLi05%2BILyWpmGGAWASUrqw%3D","https://p16-sign-va.tiktokcdn.com/obj/tos-maliva-p-0068/42176c9faf79460cb3ca4543caabad97_1627063324?x-expires=1627714800&x-signature=6q5jPO%2BmtRFjgGU7iMZG0MoAYSM%3D","https://www.tiktok.com/@juegosolimpicosmx2021/video/6988183744855198982","https://v16-web.tiktok.com/video/tos/useast2a/tos-useast2a-ve-0068c001/6967fd593904477eaedfec8fa1a23ee8/?a=1988&br=936&bt=468&cd=0%7C0%7C1&ch=0&cr=0&cs=0&cv=1&dr=0&ds=3&er=&expire=1627716842&ft=Q9BExEBe_4ka&l=202107310132400101901890423892CCD6&lr=tiktok_m&mime_type=video_mp4&net=0&pl=0&policy=2&qs=0&rc=M2dnbjk6ZnhqNjMzNzczM0ApM2ZoZWVpZTw8NzY1aGg2ZWdgZ2NecjRfNHFgLS1kMTZzc18yNWFfNmBhXy8zYTZjLV86Yw%3D%3D&signature=4dab84dabe2da0f5d7a96b972cef62cd&tk=tt_webid_v2&vl=&vr=","","",540,552,83,77,2,1259,0,false,"[]","[{""id"":""1656103690216469"",""name"":""juegosolimpicos2020"",""title"":"""",""cover"":""""},{""id"":""65243"",""name"":""parati"",""title"":"""",""cover"":""""},{""id"":""1592203205856262"",""name"":""mexicoüá≤üáΩ"",""title"":"""",""cover"":""""},{""id"":""83038655"",""name"":""olimpiadas"",""title"":"""",""cover"":""""}]","[]"
"6988108235949608197","6988108235949608197","Video 2 - Inauguraci√≥n Ol√≠mpica Pt 1 - Tokio 2020 @#juegosolimpicos2020 #parati #mexicoüá≤üáΩ #olimpiadas",1627045757,"6987880834053866502","MS4wLjABAAAAEQmiSVNXXOLbM8PBNn095Mg3o_gdB-XwadXOQoV0YdPHwOie6iz_04_nae1T85sN","juegosolimpicosmx2021","üá≤üáΩ Juegos Ol√≠mpicos MX üá≤üáΩ",false,"Estaremos contigo estos Juegos Ol√≠mpicos report√°ndote los mejores momentos 2021","https://p16-sign-va.tiktokcdn.com/tos-maliva-avt-0068/a1f1ee8d591d236f10f3b691b37fff92~c5_1080x1080.jpeg?x-expires=1627779600&x-signature=fFhuQTBIfXcO%2BB%2BMWcoyfiNmwVU%3D",162,590,1437,33,60,"6988108128772573957","sonido original","üá≤üáΩ Juegos Ol√≠mpicos MX üá≤üáΩ",true,"","https://sf16-ies-music-va.tiktokcdn.com/obj/musically-maliva-obj/6988108223219878662.mp3","https://p16-sign-va.tiktokcdn.com/tos-maliva-avt-0068/a1f1ee8d591d236f10f3b691b37fff92~c5_100x100.jpeg?x-expires=1627779600&x-signature=HZtAI54zPtkv7n2QESfheCteohg%3D","https://p16-sign-va.tiktokcdn.com/tos-maliva-avt-0068/a1f1ee8d591d236f10f3b691b37fff92~c5_720x720.jpeg?x-expires=1627779600&x-signature=y%2BDk%2Fi04v0Xh1yMGtn%2BwkL16GEU%3D","https://p16-sign-va.tiktokcdn.com/tos-maliva-avt-0068/a1f1ee8d591d236f10f3b691b37fff92~c5_1080x1080.jpeg?x-expires=1627779600&x-signature=fFhuQTBIfXcO%2BB%2BMWcoyfiNmwVU%3D",89,"https://p16-sign-va.tiktokcdn.com/obj/tos-maliva-p-0068/2066965d3e7749d4839e993cd681154c_1627045761?x-expires=1627714800&x-signature=pU7F0nJQVo4IARrKBwfrd4IawzY%3D","https://p16-sign-va.tiktokcdn.com/obj/tos-maliva-p-0068/fe8fd7473a494b38bfa8d8fd05f70dbf_1627045758?x-expires=1627714800&x-signature=ydXdkt5FNFAiny2F7td8EOW%2BhP8%3D","https://p16-sign-va.tiktokcdn.com/obj/tos-maliva-p-0068/059736537ea34a7d818628c79f674f3c_1627045758?x-expires=1627714800&x-signature=YiDpvq%2F1dlO7mqfTgUm83EvzrKQ%3D","https://www.tiktok.com/@juegosolimpicosmx2021/video/6988108235949608197","https://v16-web.tiktok.com/video/tos/useast2a/tos-useast2a-pve-0068/0b4033a47588460ab83e55f54907fb9c/?a=1988&br=834&bt=417&cd=0%7C0%7C1&ch=0&cr=0&cs=0&cv=1&dr=0&ds=3&er=&expire=1627716849&ft=Q9BExEBe_4ka&l=202107310132400101901890423892CCD6&lr=tiktok_m&mime_type=video_mp4&net=0&pl=0&policy=2&qs=0&rc=M3AzeWY6ZnFlNjMzNzczM0ApaDU8NGRmNmU4NzQ0Z2k3NWcxYDNqcjQwcnFgLS1kMTZzcy0xYDIwMzBeXzQxL2IuMS46Yw%3D%3D&signature=6b8dc6d92d82bdf2a2eca4c87ca44c7e&tk=tt_webid_v2&vl=&vr=","","",564,540,89,166,1,2527,2,false,"[]","[{""id"":""1656103690216469"",""name"":""juegosolimpicos2020"",""title"":"""",""cover"":""""},{""id"":""65243"",""name"":""parati"",""title"":"""",""cover"":""""},{""id"":""1592203205856262"",""name"":""mexicoüá≤üáΩ"",""title"":"""",""cover"":""""},{""id"":""83038655"",""name"":""olimpiadas"",""title"":"""",""cover"":""""}]","[]"
"6988001737428798726","6988001737428798726","#juegosolimpicos2020 #parati #mexicoüá≤üáΩ #olimpiadas",1627020951,"6987880834053866502","MS4wLjABAAAAEQmiSVNXXOLbM8PBNn095Mg3o_gdB-XwadXOQoV0YdPHwOie6iz_04_nae1T85sN","juegosolimpicosmx2021","üá≤üáΩ Juegos Ol√≠mpicos MX üá≤üáΩ",false,"Estaremos contigo estos Juegos Ol√≠mpicos report√°ndote los mejores momentos 2021","https://p16-sign-va.tiktokcdn.com/tos-maliva-avt-0068/a1f1ee8d591d236f10f3b691b37fff92~c5_1080x1080.jpeg?x-expires=1627779600&x-signature=fFhuQTBIfXcO%2BB%2BMWcoyfiNmwVU%3D",162,590,1437,33,60,"6988001412424698630","sonido original","üá≤üáΩ Juegos Ol√≠mpicos MX üá≤üáΩ",true,"","https://sf16-ies-music-va.tiktokcdn.com/obj/musically-maliva-obj/6988001637159701253.mp3","https://p16-sign-va.tiktokcdn.com/tos-maliva-avt-0068/a1f1ee8d591d236f10f3b691b37fff92~c5_100x100.jpeg?x-expires=1627779600&x-signature=HZtAI54zPtkv7n2QESfheCteohg%3D","https://p16-sign-va.tiktokcdn.com/tos-maliva-avt-0068/a1f1ee8d591d236f10f3b691b37fff92~c5_720x720.jpeg?x-expires=1627779600&x-signature=y%2BDk%2Fi04v0Xh1yMGtn%2BwkL16GEU%3D","https://p16-sign-va.tiktokcdn.com/tos-maliva-avt-0068/a1f1ee8d591d236f10f3b691b37fff92~c5_1080x1080.jpeg?x-expires=1627779600&x-signature=fFhuQTBIfXcO%2BB%2BMWcoyfiNmwVU%3D",22,"https://p16-sign-va.tiktokcdn.com/obj/tos-maliva-p-0068/c574109a7488497d8708ba0695f3e7af_1627020952?x-expires=1627714800&x-signature=o1auROCFCamvJPmuTxzJFYnJtmM%3D","https://p16-sign-va.tiktokcdn.com/obj/tos-maliva-p-0068/3786de9bc3ee41ed9e7cd244d289d685_1627020952?x-expires=1627714800&x-signature=52hfGUCxO63%2FMpxhsjomcF7XhYE%3D","https://p16-sign-va.tiktokcdn.com/obj/tos-maliva-p-0068/0260e95be9384f44a56ce1b48d589324_1627020952?x-expires=1627714800&x-signature=VesgX78jj4a6fe3YCs%2ByAWN%2Fjoo%3D","https://www.tiktok.com/@juegosolimpicosmx2021/video/6988001737428798726","https://v16-web.tiktok.com/video/tos/useast2a/tos-useast2a-pve-0068/505c15e9dac940b4b89ae6e0f231328c/?a=1988&br=278&bt=139&cd=0%7C0%7C0&ch=0&cr=0&cs=0&dr=0&ds=3&er=&expire=1627716782&ft=Q9BExEBe_4ka&l=202107310132400101901890423892CCD6&lr=tiktok_m&mime_type=video_mp4&net=0&pl=0&policy=2&qs=0&rc=ajhldDU6Zjc4NjMzNzczM0ApNDpoZTVoaWRpN2VpOzw2aGdqYC9pcjRncXFgLS1kMTZzc2JfYzFeNGNhNi0vNi1hXi46Yw%3D%3D&signature=2bae7d12d3a63b7df191a0bb420a7486&tk=tt_webid_v2&vl=&vr=","","",574,540,22,40,0,673,1,false,"[]","[{""id"":""1656103690216469"",""name"":""juegosolimpicos2020"",""title"":"""",""cover"":""""},{""id"":""65243"",""name"":""parati"",""title"":"""",""cover"":""""},{""id"":""1592203205856262"",""name"":""mexicoüá≤üáΩ"",""title"":"""",""cover"":""""},{""id"":""83038655"",""name"":""olimpiadas"",""title"":"""",""cover"":""""}]","[]"
"6987943704438803717","6987943704438803717","5:50 AM hora de mexico #juegosolimpicos2020 #parati #mexicoüá≤üáΩ #olimpiadas",1627007435,"6987880834053866502","MS4wLjABAAAAEQmiSVNXXOLbM8PBNn095Mg3o_gdB-XwadXOQoV0YdPHwOie6iz_04_nae1T85sN","juegosolimpicosmx2021","üá≤üáΩ Juegos Ol√≠mpicos MX üá≤üáΩ",false,"Estaremos contigo estos Juegos Ol√≠mpicos report√°ndote los mejores momentos 2021","https://p16-sign-va.tiktokcdn.com/tos-maliva-avt-0068/a1f1ee8d591d236f10f3b691b37fff92~c5_1080x1080.jpeg?x-expires=1627779600&x-signature=fFhuQTBIfXcO%2BB%2BMWcoyfiNmwVU%3D",162,590,1437,33,60,"6987943579343653637","sonido original","üá≤üáΩ Juegos Ol√≠mpicos MX üá≤üáΩ",true,"","https://sf16-ies-music-va.tiktokcdn.com/obj/musically-maliva-obj/6987943688487930630.mp3","https://p16-sign-va.tiktokcdn.com/tos-maliva-avt-0068/a1f1ee8d591d236f10f3b691b37fff92~c5_100x100.jpeg?x-expires=1627779600&x-signature=HZtAI54zPtkv7n2QESfheCteohg%3D","https://p16-sign-va.tiktokcdn.com/tos-maliva-avt-0068/a1f1ee8d591d236f10f3b691b37fff92~c5_720x720.jpeg?x-expires=1627779600&x-signature=y%2BDk%2Fi04v0Xh1yMGtn%2BwkL16GEU%3D","https://p16-sign-va.tiktokcdn.com/tos-maliva-avt-0068/a1f1ee8d591d236f10f3b691b37fff92~c5_1080x1080.jpeg?x-expires=1627779600&x-signature=fFhuQTBIfXcO%2BB%2BMWcoyfiNmwVU%3D",8,"https://p16-sign-va.tiktokcdn.com/obj/tos-maliva-p-0068/1c414087b0594b7db904de8491ffdb4f_1627007436?x-expires=1627714800&x-signature=w3aQdUoBFieLLENoBqWu1FQTbQE%3D","https://p16-sign-va.tiktokcdn.com/obj/tos-maliva-p-0068/cfd0c4cf6a4141c4b4400541fd1d8f82_1627007436?x-expires=1627714800&x-signature=caNTno3zu3xtsP3OuUMTuYfqX6U%3D","https://p16-sign-va.tiktokcdn.com/obj/tos-maliva-p-0068/50583437a65d4e2eb1d24079248f7c05_1627007437?x-expires=1627714800&x-signature=f%2FA4Y5i9nidWzAl0H3%2BOjG%2Fr0wQ%3D","https://www.tiktok.com/@juegosolimpicosmx2021/video/6987943704438803717","https://v16-web.tiktok.com/video/tos/useast2a/tos-useast2a-ve-0068c001/5d21e5b3b2844e0f866bfea89c9ae65d/?a=1988&br=404&bt=202&cd=0%7C0%7C1&ch=0&cr=0&cs=0&cv=1&dr=0&ds=3&er=&expire=1627716768&ft=Q9BExEBe_4ka&l=20210731013240010190208047209196C5&lr=tiktok_m&mime_type=video_mp4&net=0&pl=0&policy=2&qs=0&rc=ajo8aDs6Zmw1NjMzNzczM0ApNmdmOjlnNjs3NzU1ZDg3PGdwLl40cjQwZ3FgLS1kMTZzczEzMTYyXzAtNjUtYjIvLTM6Yw%3D%3D&signature=2b635b324a14b079e08c8b678c4bb888&tk=tt_webid_v2&vl=&vr=","","",1024,576,8,456,0,7423,1,false,"[]","[{""id"":""1656103690216469"",""name"":""juegosolimpicos2020"",""title"":"""",""cover"":""""},{""id"":""65243"",""name"":""parati"",""title"":"""",""cover"":""""},{""id"":""1592203205856262"",""name"":""mexicoüá≤üáΩ"",""title"":"""",""cover"":""""},{""id"":""83038655"",""name"":""olimpiadas"",""title"":"""",""cover"":""""}]","[]"
"6987884088195599621","6987884088195599621","Ceremonia de inauguraci√≥n TRAILER - #juegosolimpicos2020 #parati #mexicoüá≤üáΩ #olimpiadas",1626993553,"6987880834053866502","MS4wLjABAAAAEQmiSVNXXOLbM8PBNn095Mg3o_gdB-XwadXOQoV0YdPHwOie6iz_04_nae1T85sN","juegosolimpicosmx2021","üá≤üáΩ Juegos Ol√≠mpicos MX üá≤üáΩ",false,"Estaremos contigo estos Juegos Ol√≠mpicos report√°ndote los mejores momentos 2021","https://p16-sign-va.tiktokcdn.com/tos-maliva-avt-0068/a1f1ee8d591d236f10f3b691b37fff92~c5_1080x1080.jpeg?x-expires=1627779600&x-signature=fFhuQTBIfXcO%2BB%2BMWcoyfiNmwVU%3D",162,590,1437,33,60,"6987883969651952390","sonido original","üá≤üáΩ Juegos Ol√≠mpicos MX üá≤üáΩ",true,"","https://sf16-ies-music-va.tiktokcdn.com/obj/musically-maliva-obj/6987884027940309766.mp3","https://p16-sign-va.tiktokcdn.com/tos-maliva-avt-0068/a1f1ee8d591d236f10f3b691b37fff92~c5_100x100.jpeg?x-expires=1627779600&x-signature=HZtAI54zPtkv7n2QESfheCteohg%3D","https://p16-sign-va.tiktokcdn.com/tos-maliva-avt-0068/a1f1ee8d591d236f10f3b691b37fff92~c5_720x720.jpeg?x-expires=1627779600&x-signature=y%2BDk%2Fi04v0Xh1yMGtn%2BwkL16GEU%3D","https://p16-sign-va.tiktokcdn.com/tos-maliva-avt-0068/a1f1ee8d591d236f10f3b691b37fff92~c5_1080x1080.jpeg?x-expires=1627779600&x-signature=fFhuQTBIfXcO%2BB%2BMWcoyfiNmwVU%3D",10,"https://p16-sign-va.tiktokcdn.com/obj/tos-maliva-p-0068/9391988ff9044432a72c0db6581795cb_1626994699?x-expires=1627714800&x-signature=gMpjvaLwT%2BD32beA9IXpPofEdNE%3D","https://p16-sign-va.tiktokcdn.com/obj/tos-maliva-p-0068/7c298fd5d4a2465e941fe1df283ea263_1626994699?x-expires=1627714800&x-signature=xPkdqqFtt%2BwBwmHRj9tnEoIxBbg%3D","https://p16-sign-va.tiktokcdn.com/obj/tos-maliva-p-0068/51220a459319426d966c07a761ade907_1626994724?x-expires=1627714800&x-signature=E4M12dI%2BzqCPOGzxKOYhdeeBgfo%3D","https://www.tiktok.com/@juegosolimpicosmx2021/video/6987884088195599621","https://v16-web.tiktok.com/video/tos/useast2a/tos-useast2a-ve-0068c004/b1e1e5ea3add47388cfaa43770e941e6/?a=1988&br=294&bt=147&cd=0%7C0%7C1&ch=0&cr=0&cs=0&cv=1&dr=0&ds=3&er=&expire=1627716770&ft=Q9BExEBe_4ka&l=20210731013240010190208047209196C5&lr=tiktok_m&mime_type=video_mp4&net=0&pl=0&policy=2&qs=0&rc=MzQ0dDw6ZjZ5NjMzNzczM0ApaThmOzY5NWQ7Nzc5aTc7aGcyYjVscjRvNHBgLS1kMTZzc2MwXjI0L2BjL141NWNfXjI6Yw%3D%3D&signature=d336670a14c7e3c7abe5dcae3c1ee368&tk=tt_webid_v2&vl=&vr=","","",540,540,10,16,0,856,0,false,"[]","[{""id"":""1656103690216469"",""name"":""juegosolimpicos2020"",""title"":"""",""cover"":""""},{""id"":""65243"",""name"":""parati"",""title"":"""",""cover"":""""},{""id"":""1592203205856262"",""name"":""mexicoüá≤üáΩ"",""title"":"""",""cover"":""""},{""id"":""83038655"",""name"":""olimpiadas"",""title"":"""",""cover"":""""}]","[]"
"6987882484461604101","6987882484461604101","Trailer OLIMPIADAS MX #juegosolimpicos2020 #parati #mexicoüá≤üáΩ #olimpiadas",1626993180,"6987880834053866502","MS4wLjABAAAAEQmiSVNXXOLbM8PBNn095Mg3o_gdB-XwadXOQoV0YdPHwOie6iz_04_nae1T85sN","juegosolimpicosmx2021","üá≤üáΩ Juegos Ol√≠mpicos MX üá≤üáΩ",false,"Estaremos contigo estos Juegos Ol√≠mpicos report√°ndote los mejores momentos 2021","https://p16-sign-va.tiktokcdn.com/tos-maliva-avt-0068/a1f1ee8d591d236f10f3b691b37fff92~c5_1080x1080.jpeg?x-expires=1627779600&x-signature=fFhuQTBIfXcO%2BB%2BMWcoyfiNmwVU%3D",162,590,1437,33,60,"6987882308820945670","sonido original","üá≤üáΩ Juegos Ol√≠mpicos MX üá≤üáΩ",true,"","https://sf16-ies-music-va.tiktokcdn.com/obj/musically-maliva-obj/6987882452769377029.mp3","https://p16-sign-va.tiktokcdn.com/tos-maliva-avt-0068/a1f1ee8d591d236f10f3b691b37fff92~c5_100x100.jpeg?x-expires=1627779600&x-signature=HZtAI54zPtkv7n2QESfheCteohg%3D","https://p16-sign-va.tiktokcdn.com/tos-maliva-avt-0068/a1f1ee8d591d236f10f3b691b37fff92~c5_720x720.jpeg?x-expires=1627779600&x-signature=y%2BDk%2Fi04v0Xh1yMGtn%2BwkL16GEU%3D","https://p16-sign-va.tiktokcdn.com/tos-maliva-avt-0068/a1f1ee8d591d236f10f3b691b37fff92~c5_1080x1080.jpeg?x-expires=1627779600&x-signature=fFhuQTBIfXcO%2BB%2BMWcoyfiNmwVU%3D",21,"https://p16-sign-va.tiktokcdn.com/obj/tos-maliva-p-0068/0d763336a34b45c1b8944bc25cc645a9_1626994370?x-expires=1627714800&x-signature=6EVYVfv6I%2FEccOUzK3%2F3GZiwjw8%3D","https://p16-sign-va.tiktokcdn.com/obj/tos-maliva-p-0068/b0563ba75a424c6d97d8556d55247439_1626994370?x-expires=1627714800&x-signature=vrEngDWBIyBP1MSc6mO0MJji%2BX8%3D","https://p16-sign-va.tiktokcdn.com/obj/tos-maliva-p-0068/2df638dceec145db86fa9f1a6b3dbf8a_1626994399?x-expires=1627714800&x-signature=7Z%2B%2FJgm%2FUcfZD%2FGwAlRJR8BaHtg%3D","https://www.tiktok.com/@juegosolimpicosmx2021/video/6987882484461604101","https://v16-web.tiktok.com/video/tos/useast2a/tos-useast2a-pve-0068/99029fb7a15342379e2ff00dad80cb2f/?a=1988&br=404&bt=202&cd=0%7C0%7C0&ch=0&cr=0&cs=0&dr=0&ds=3&er=&expire=1627716781&ft=Q9BExEBe_4ka&l=20210731013240010190208047209196C5&lr=tiktok_m&mime_type=video_mp4&net=0&pl=0&policy=2&qs=0&rc=ajY5czs6Zjd5NjMzNzczM0ApNTpnaDU7NGVmNzs8Omk3OWdycGEvcjQwMXBgLS1kMTZzc2JhYGM0MWFhLy8vYTViMmM6Yw%3D%3D&signature=c3fc4e42cf4af78930991dc177a1b199&tk=tt_webid_v2&vl=&vr=","","",540,540,22,5,0,77,1,false,"[]","[{""id"":""1656103690216469"",""name"":""juegosolimpicos2020"",""title"":"""",""cover"":""""},{""id"":""65243"",""name"":""parati"",""title"":"""",""cover"":""""},{""id"":""1592203205856262"",""name"":""mexicoüá≤üáΩ"",""title"":"""",""cover"":""""},{""id"":""83038655"",""name"":""olimpiadas"",""title"":"""",""cover"":""""}]","[]"